p_zimbabwe_e, p_tot_es_ns, p_thailand_tot, p_srilanka_om_ie, p_cob_ns_tot, p_srilanka_tot, p_sthafrica_es_ns, p_poland_tot, p_turkey_es_ns, p_thailand_cfw, p_tot_e, p_poland_om_uie, p_uk_es_ns, p_poland_es_ns, p_turkey_om_ie, p_srilanka_cfw, p_sthafrica_cfw, p_philippines_e, p_singapore_e, p_singapore_om_uie, p_turkey_om_uie, p_cob_ns_es_ns, p_usa_tot, p_srilanka_es_ns, p_zimbabwe_tot, p_poland_om_ie, p_philippines_es_ns, p_cob_ns_om_uie, p_usa_cfw, p_vietnam_es_ns, p_singapore_om_ie, p_vietnam_om_ie, p_turkey_tot, p_vietnam_e, p_thailand_om_uie, p_thailand_om_ie, sa2_main16, p_tot_om_uie, p_elsewhere_om_uie, p_usa_es_ns, p_tot_cfw, p_elsewhere_es_ns, p_elsewhere_tot, p_uk_om_ie, p_sthafrica_e, p_vietnam_tot, p_singapore_tot, p_turkey_cfw, sa2_name16, p_tot_tot, p_singapore_es_ns, p_uk_e, p_srilanka_e, p_philippines_tot, p_srilanka_om_uie, p_zimbabwe_cfw, p_philippines_om_uie, p_usa_e, p_zimbabwe_om_ie, p_vietnam_cfw, p_poland_cfw, p_singapore_cfw, p_cob_ns_om_ie, p_sthafrica_om_ie, p_vietnam_om_uie, p_philippines_cfw, p_usa_om_ie, p_cob_ns_cfw, p_uk_cfw, p_tot_om_ie, p_turkey_e, p_thailand_e, p_cob_ns_e, p_sthafrica_om_uie, p_poland_e, p_zimbabwe_om_uie, p_zimbabwe_es_ns, p_uk_om_uie, p_usa_om_uie, p_thailand_es_ns, p_uk_tot, p_elsewhere_cfw, p_sthafrica_tot, p_elsewhere_om_ie, p_philippines_om_ie, p_elsewhere_e
16,92,81,5,113,84,0,35,0,0,8037,5,0,0,0,0,0,125,31,3,0,6,78,0,20,8,0,13,0,0,4,10,11,93,6,6,"206061136",887,58,0,128,11,759,54,86,124,35,0,"Prahran - Windsor",10219,0,353,74,133,8,0,3,54,0,12,0,0,9,22,12,0,13,0,5,1073,9,62,89,5,23,4,0,41,10,0,454,18,113,42,0,632
3,100,36,3,153,93,0,30,0,0,9673,3,4,0,0,0,0,135,52,0,9,6,116,0,3,0,0,13,0,0,0,29,23,192,3,3,"206071141",678,49,0,85,8,763,50,80,240,53,0,"Collingwood",11592,0,424,81,141,3,0,0,103,0,0,0,0,17,5,23,0,10,0,10,1055,13,34,119,3,27,0,0,30,3,0,520,9,92,48,3,655
0,17,0,0,27,8,0,0,0,0,865,0,0,0,3,0,0,4,0,0,6,0,0,0,0,0,0,0,0,0,0,0,10,11,0,0,"210031440",101,5,0,5,3,42,0,0,18,0,0,"Hadfield",1055,0,18,8,4,0,0,0,0,0,0,0,0,3,0,3,0,0,0,0,62,0,0,21,0,0,0,0,0,0,0,16,0,0,0,0,32
21,125,64,0,159,127,3,38,0,0,12398,0,8,0,3,0,0,187,61,3,3,12,142,0,21,3,0,3,0,0,0,13,23,201,3,0,"206071142",721,46,0,123,11,964,53,82,229,65,0,"Fitzroy",14207,0,572,120,195,4,0,0,112,0,6,0,0,21,0,5,0,16,3,11,839,15,59,119,3,31,0,0,40,5,0,673,13,94,28,3,866
0,18,3,3,27,14,0,3,0,0,1105,0,0,0,0,0,0,9,3,0,0,0,8,0,0,0,0,3,0,0,0,0,0,3,0,0,"210041240",243,4,0,48,0,24,7,7,3,3,0,"Sunbury",1587,0,52,5,7,0,0,3,8,0,0,0,0,0,0,0,0,0,5,3,175,0,3,17,3,3,0,0,21,0,0,93,4,8,4,0,21
0,73,21,0,75,13,0,14,5,0,4988,0,4,0,0,0,0,38,11,0,4,5,10,0,0,0,0,3,0,0,0,4,10,29,0,8,"210041241",541,18,0,118,3,131,26,22,49,9,0,"Sunbury - South",6243,0,176,14,44,0,0,0,5,0,0,0,0,4,0,15,0,0,0,0,524,4,14,59,0,6,0,0,27,0,0,231,5,25,13,0,93
0,6,0,5,7,10,0,7,0,0,721,3,0,0,0,0,0,15,3,3,0,0,3,0,4,0,0,0,0,0,0,0,0,10,0,0,"213051466",225,29,0,35,3,120,3,10,17,13,0,"Point Cook - South",1148,0,25,5,19,4,0,3,0,0,0,0,0,0,0,0,0,0,0,0,157,0,3,5,4,3,0,0,4,0,0,34,9,15,28,0,55
0,12,7,0,7,28,0,10,0,0,1116,3,0,0,0,0,0,8,0,0,0,0,3,0,0,0,0,0,0,0,0,0,3,3,0,0,"208021180",147,8,0,20,0,85,3,5,10,0,0,"Hughesdale",1436,0,35,25,8,0,0,0,3,0,0,0,0,0,0,0,0,0,0,0,140,0,5,8,0,4,0,0,6,0,0,40,0,9,4,0,67
10,66,33,20,79,223,0,15,0,0,7740,0,0,0,0,5,0,80,49,3,0,0,32,4,15,0,0,8,0,3,5,7,4,56,0,0,"211011260",421,30,0,95,10,406,16,67,79,59,0,"Wantirna South",8797,0,280,181,83,14,0,0,26,0,3,0,0,7,3,9,0,0,0,3,479,4,27,68,4,9,3,0,22,3,0,316,0,81,24,0,341
7,13,8,6,13,34,0,3,0,0,1134,0,0,0,0,0,0,17,0,0,0,0,3,0,7,0,0,5,0,0,0,3,3,9,0,0,"207031162",228,16,0,35,0,96,4,11,21,0,0,"Blackburn South",1587,0,45,24,23,0,0,0,4,0,0,0,0,0,0,8,0,0,0,0,175,0,8,10,7,3,0,0,5,0,0,57,0,10,9,3,70
9,44,3,3,39,12,0,3,0,0,2735,0,4,0,0,0,0,41,3,0,3,3,3,0,9,0,0,0,0,3,0,4,10,22,0,0,"213041358",189,14,0,52,3,139,4,12,35,0,0,"Melton West",3192,0,104,5,40,3,0,0,0,0,4,0,0,0,0,5,0,0,0,0,175,6,3,33,0,0,0,0,5,0,0,118,4,9,12,0,101
3,55,4,4,63,67,0,15,0,0,5103,0,0,0,0,0,0,138,13,0,0,0,14,0,3,3,0,3,0,0,0,16,9,141,0,0,"213041359",171,16,0,48,0,335,3,16,163,18,0,"Rockbank - Mount Cottrell",5745,0,187,65,140,0,0,3,14,0,0,0,0,8,0,6,0,0,0,0,366,10,6,55,0,11,0,0,0,0,0,195,3,19,23,0,298
12,20,10,3,27,35,0,10,0,0,1936,0,0,0,0,0,0,25,9,0,0,0,18,0,10,0,0,3,0,0,4,3,0,20,0,0,"207031167",252,15,0,56,3,162,13,22,22,14,0,"Surrey Hills (East) - Mont Albert",2536,0,92,30,23,0,0,0,7,0,0,0,0,4,3,0,0,0,3,3,271,0,5,14,0,10,0,0,15,3,0,122,0,23,3,0,143
9,21,10,3,32,46,0,30,0,0,2034,5,0,0,3,0,0,51,8,0,0,0,28,0,10,6,0,4,0,0,0,0,13,10,3,0,"208011170",415,36,0,78,3,238,40,25,10,11,0,"Brighton East",2982,0,96,37,55,0,0,0,18,0,0,7,0,3,11,0,0,6,0,3,448,11,3,23,6,10,0,0,26,4,0,165,8,44,35,0,154
6,42,10,3,49,112,0,15,0,0,4412,0,6,0,0,0,0,72,10,0,0,4,25,0,5,4,0,4,0,0,0,4,14,89,3,0,"208011171",412,23,0,53,3,394,37,33,93,8,0,"Cheltenham - Highett (West)",5541,0,243,111,72,0,0,0,21,3,0,0,0,4,10,0,0,5,0,4,619,12,9,36,5,8,0,0,26,0,0,322,3,50,28,0,336
6,36,13,4,41,22,0,17,0,0,2821,9,0,0,0,0,0,11,7,3,0,3,22,0,12,0,0,7,0,0,0,0,4,28,0,0,"208011172",550,27,0,86,0,209,44,33,33,12,0,"Hampton",4066,0,149,11,13,0,0,0,16,0,0,0,0,3,3,3,0,4,0,6,573,4,13,23,4,10,0,0,45,4,0,248,10,41,30,0,143
7,107,50,10,156,83,0,25,5,0,9023,6,0,0,18,3,0,146,17,0,9,12,66,0,13,3,0,19,3,0,0,23,99,195,3,0,"206011105",1101,61,0,184,7,825,27,36,258,24,14,"Brunswick",11353,0,208,71,152,0,0,3,54,0,4,0,0,16,0,31,0,3,7,5,940,50,40,110,5,15,0,0,52,5,0,288,17,43,45,0,697
0,37,16,0,32,20,0,4,0,4,1887,0,0,0,5,0,0,6,4,0,0,3,21,0,0,0,0,3,0,0,0,4,25,35,0,3,"206011106",363,11,0,52,3,159,13,3,44,4,0,"Brunswick East",2668,0,52,16,6,0,0,0,9,0,3,0,0,7,0,3,0,4,0,0,334,12,5,23,6,4,0,0,17,7,3,89,3,9,19,0,123
0,17,6,0,19,9,0,0,0,0,684,0,0,0,6,0,0,8,0,0,0,0,3,0,0,0,0,4,0,0,0,4,13,7,0,0,"206011109",158,0,0,19,0,54,0,0,17,0,0,"Pascoe Vale South",1018,0,14,13,8,0,0,0,3,0,0,0,0,0,0,3,0,0,0,0,140,10,3,10,0,0,0,0,3,0,0,23,0,0,11,0,44
0,5,0,0,16,15,0,0,0,0,1368,0,0,0,0,0,0,17,3,0,0,0,3,0,0,0,0,0,0,0,0,0,0,26,0,0,"206041120",32,0,0,18,0,90,0,5,30,3,0,"Flemington Racecourse",1467,0,49,16,18,3,0,0,0,0,3,0,0,0,0,3,0,0,3,0,42,0,0,11,0,0,0,0,0,0,0,52,0,9,3,0,79
103,309,169,14,528,991,3,156,5,0,55367,6,9,0,9,0,0,903,262,3,6,34,304,4,103,0,7,7,0,3,10,26,100,814,0,4,"206041118",520,55,0,150,34,3505,60,508,861,270,0,"Docklands",57550,0,2457,973,922,3,0,3,279,3,9,0,0,19,16,5,3,13,7,3,1207,81,165,473,3,148,0,0,33,8,0,2556,9,527,72,6,3333
33,119,41,5,180,274,0,51,0,0,18617,4,4,0,0,0,0,316,99,7,3,5,131,0,31,3,4,3,0,0,5,4,37,180,0,3,"206041119",542,24,0,78,12,1103,33,138,193,112,0,"East Melbourne",19909,0,827,255,323,10,0,0,116,0,3,0,0,3,3,3,0,7,0,3,550,32,42,165,7,47,0,0,34,3,0,909,7,145,22,0,1043
3,10,3,3,21,39,0,10,0,0,1335,3,0,0,0,0,0,15,6,3,0,0,6,0,3,3,0,3,0,0,0,3,4,9,0,0,"208021427",255,38,0,40,0,176,8,14,15,7,0,"Bentleigh East (South)",1888,0,51,28,14,4,0,0,8,0,0,3,0,3,4,0,0,0,0,0,245,3,3,11,5,3,0,0,15,0,0,75,3,31,36,0,96
5,59,34,5,54,96,0,26,0,3,4261,5,3,0,0,0,3,55,8,0,0,7,16,0,8,3,0,6,0,0,0,4,10,44,9,6,"208021174",694,75,0,99,9,464,38,42,61,13,0,"Bentleigh - McKinnon",5747,0,180,80,66,7,0,3,11,4,3,0,0,3,20,11,3,4,0,3,637,5,21,34,18,16,0,0,46,4,3,270,7,86,74,0,302
0,12,0,5,15,34,0,11,0,0,721,3,0,0,0,3,0,12,0,0,0,3,0,0,0,3,0,0,0,0,0,0,3,6,0,0,"208031183",122,14,0,28,0,69,5,9,12,0,0,"Aspendale Gardens - Waterways",1006,0,28,22,18,3,0,5,0,0,0,3,0,0,3,0,0,0,0,0,125,0,0,9,0,3,0,0,3,0,0,37,4,18,14,0,43
23,86,54,4,144,233,0,43,0,0,15208,0,3,0,0,0,0,339,107,0,0,12,131,3,23,3,0,8,0,0,3,3,28,176,3,0,"206041125",360,34,0,64,11,1111,17,170,183,108,0,"South Yarra - West",16132,0,871,231,340,0,0,0,122,0,0,0,0,6,3,3,0,4,0,4,410,31,51,120,3,36,0,0,25,3,0,926,0,179,18,0,1053
4,56,3,0,78,60,0,8,0,0,3784,0,0,0,3,0,0,42,5,0,0,3,12,0,6,0,0,5,0,0,4,3,27,88,0,0,"210011226",209,4,0,68,4,212,14,9,103,7,0,"Airport West",4515,0,82,50,42,3,0,0,10,0,3,0,0,3,0,7,0,3,0,0,402,20,3,64,0,6,0,0,0,0,0,95,7,14,15,0,184
4,27,0,0,36,13,0,0,0,0,1339,0,0,0,0,0,0,8,0,0,0,3,0,0,4,0,0,3,0,0,0,0,0,5,0,0,"209041225",180,3,0,71,0,47,11,8,4,0,0,"Whittlesea",1838,0,27,13,8,0,0,0,0,0,0,0,0,8,3,0,0,0,0,4,230,0,0,24,4,0,0,0,9,0,0,47,0,13,6,0,34
4,36,14,4,40,46,0,4,0,0,1909,0,0,0,0,0,0,12,6,0,3,4,6,0,4,0,0,4,0,4,0,3,9,208,0,0,"209041430",352,19,0,52,8,109,14,7,220,6,0,"Doreen",2612,0,41,32,12,7,0,3,0,0,0,0,0,3,5,0,0,0,3,0,259,5,12,21,3,4,0,0,17,0,0,70,4,9,6,0,73
0,13,0,0,13,3,0,0,0,0,452,0,0,0,3,0,0,0,0,0,0,0,3,0,0,0,0,0,0,0,0,0,3,0,0,0,"209041437",112,9,0,20,0,31,0,0,0,0,0,"Wollert",677,0,7,3,3,0,0,0,3,0,0,0,0,5,0,0,0,0,0,0,73,0,0,9,0,0,0,0,3,0,0,10,4,0,4,0,16
0,12,3,3,14,29,0,6,0,0,928,3,0,0,0,0,0,17,4,0,0,3,12,0,0,0,0,0,0,0,0,0,0,11,0,0,"208021181",199,20,0,30,0,107,7,6,17,4,0,"Murrumbeena",1355,0,31,23,16,3,0,0,7,0,0,0,0,0,3,4,0,3,0,0,181,0,3,10,3,4,0,0,7,0,0,49,4,11,16,0,72
15,109,34,11,140,314,3,47,0,0,10776,5,14,0,5,3,0,174,21,0,0,9,17,3,15,0,0,3,0,0,0,12,31,456,0,0,"208031184",293,33,0,98,10,1084,34,104,486,24,0,"Braeside",12166,0,544,294,171,7,0,0,14,0,3,0,0,6,8,11,0,0,0,8,887,19,37,120,0,41,0,0,16,0,0,623,4,112,56,0,973
3,27,17,3,21,31,0,17,0,0,1782,5,0,0,0,0,3,9,6,0,0,0,11,0,3,5,0,0,0,0,0,0,4,14,0,0,"208021182",315,42,0,68,0,221,13,26,17,6,0,"Ormond - Glen Huntly",2520,0,62,28,12,4,0,0,8,0,0,0,0,5,12,3,0,0,0,3,326,0,16,15,16,3,0,0,18,0,0,95,10,54,30,0,137
0,27,25,6,22,17,0,7,0,0,1577,3,0,0,8,0,0,11,0,3,0,0,9,0,0,0,0,3,0,0,0,9,15,36,0,3,"210011230",178,8,0,41,3,65,7,7,63,4,3,"Niddrie - Essendon West",2074,0,33,13,12,0,0,0,7,0,3,0,0,4,0,11,0,0,0,0,253,7,21,16,0,3,0,0,4,0,0,47,0,12,10,0,48
8,22,34,4,34,72,0,16,0,5,2499,6,0,0,0,0,0,29,8,5,0,0,18,0,10,0,0,7,0,0,10,7,9,20,0,9,"208021176",382,48,0,80,7,287,11,14,29,23,0,"Carnegie",3371,0,77,65,27,3,0,0,10,0,0,0,0,3,6,7,0,5,0,0,382,8,20,19,3,6,0,0,20,3,0,111,11,29,39,0,185
50,267,227,8,331,619,0,89,0,0,36797,3,7,0,4,3,0,738,212,3,0,25,308,3,52,3,0,7,0,10,3,6,64,680,3,0,"206041126",659,64,4,117,22,2775,54,363,710,216,0,"Southbank",38774,0,1720,600,743,5,0,5,292,4,3,0,0,7,6,6,0,5,0,0,940,59,217,286,6,79,0,0,35,3,0,1826,7,375,50,0,2634
0,10,5,0,16,27,0,4,0,0,1281,0,0,0,3,0,0,16,0,0,0,0,4,0,0,0,0,0,0,0,0,0,3,19,0,0,"208031187",130,10,0,18,0,86,9,20,22,0,0,"Chelsea Heights",1560,0,56,19,14,0,0,0,4,0,0,0,0,0,3,3,0,0,0,0,130,0,4,12,3,3,0,0,10,0,0,68,0,27,7,0,71
3,78,40,4,122,79,0,20,0,0,6165,3,0,0,14,0,3,86,14,0,17,6,28,0,7,0,0,16,0,3,0,9,89,110,3,0,"206011108",752,37,0,117,10,491,8,15,138,14,3,"Coburg",7677,0,178,69,95,4,0,0,25,0,0,0,0,11,0,20,0,0,3,3,559,53,36,95,3,18,0,0,31,5,0,230,4,22,51,3,393
13,75,21,11,91,177,0,18,0,0,5957,3,0,0,0,6,3,71,10,0,0,10,13,0,17,3,3,7,0,0,0,9,14,33,3,0,"212031300",469,36,0,104,3,404,12,38,50,7,0,"Cranbourne",7041,0,255,143,87,15,0,4,11,0,0,0,0,9,3,9,3,0,3,5,436,7,16,68,3,13,0,0,14,0,0,293,11,43,39,3,314
0,21,4,0,15,19,0,3,0,0,956,0,0,0,0,0,0,21,4,0,0,0,11,0,0,0,0,3,0,0,3,0,3,8,0,0,"206011107",287,19,0,27,0,104,10,3,16,7,0,"Brunswick West",1460,0,15,17,19,0,0,0,6,0,0,0,0,0,0,0,0,0,0,0,162,5,3,11,0,0,0,0,11,4,0,37,4,6,5,0,71
8,27,3,18,44,125,0,6,0,0,2702,0,0,0,0,3,0,29,3,0,0,0,4,0,9,3,0,8,0,0,0,0,7,12,3,0,"212031301",387,49,0,55,3,254,7,37,10,7,0,"Cranbourne East",3411,0,113,75,26,27,0,0,3,0,0,0,0,3,0,3,0,0,3,0,242,0,0,30,0,3,0,0,20,0,0,136,0,45,32,0,166
3,35,20,0,41,49,0,3,0,0,2926,0,0,0,0,0,0,37,3,0,0,0,17,0,4,0,0,0,0,0,0,3,3,61,0,4,"206021110",350,17,0,64,0,181,15,10,69,3,0,"Alphington - Fairfield",3794,0,81,41,37,3,0,0,8,0,0,0,0,4,3,4,0,3,0,4,415,3,13,32,0,3,0,0,19,0,0,123,0,13,17,0,146
3,68,48,0,72,39,0,14,0,0,4444,3,0,0,0,0,0,50,16,0,0,3,24,0,3,0,0,13,0,5,0,18,11,79,4,3,"206021111",931,38,0,98,8,351,16,19,123,20,0,"Northcote",6130,0,134,34,49,0,0,0,16,0,5,0,0,4,0,14,0,3,3,0,585,9,42,48,4,11,0,0,36,8,0,193,3,26,29,0,275
6,31,3,5,39,175,0,18,0,0,5097,4,0,0,0,0,0,30,27,0,0,3,39,0,10,0,0,4,0,0,0,4,4,65,0,0,"207031166",240,13,0,39,4,276,3,43,76,23,0,"Burwood East",5633,0,251,161,37,12,0,0,34,0,0,0,0,0,0,10,0,0,0,0,222,7,3,34,0,13,0,0,9,3,0,266,3,42,14,0,242
7,41,5,0,77,20,0,9,0,0,3778,0,0,0,0,0,0,42,7,0,0,3,8,0,7,0,0,0,0,0,0,8,17,73,0,0,"206041127",61,3,0,18,7,207,3,17,84,7,0,"West Melbourne",4023,0,121,20,47,0,0,0,11,0,0,0,0,0,0,0,0,0,3,0,118,17,6,70,0,11,0,0,7,0,0,127,0,17,3,0,198
5,53,16,0,58,32,0,3,0,0,3264,0,3,0,0,0,0,35,9,0,0,3,18,0,5,0,0,8,0,0,0,3,17,64,6,0,"206021112",535,36,0,59,7,272,13,12,75,18,0,"Thornbury",4332,0,88,24,40,0,0,0,14,0,0,0,0,8,0,4,0,0,0,0,418,13,11,37,0,3,0,0,16,9,0,127,0,15,13,0,218
0,20,0,3,26,22,0,0,0,0,873,0,0,0,0,3,0,26,3,0,0,3,3,0,0,3,0,3,0,0,0,0,5,4,0,0,"212021299",167,15,0,62,3,114,8,8,8,4,0,"Narre Warren North",1358,0,28,16,27,0,0,0,3,0,0,0,3,0,0,0,0,0,0,0,231,0,0,21,0,0,0,0,11,0,0,52,11,9,29,0,64
0,39,47,0,44,38,0,20,0,0,3334,3,3,0,3,0,0,29,13,3,0,4,39,0,0,0,0,3,0,0,0,7,10,58,5,3,"206051130",449,31,0,66,0,313,50,18,75,17,0,"Port Melbourne",4569,0,169,36,33,4,0,0,23,0,3,0,0,0,5,5,0,5,0,3,678,6,41,33,5,16,0,0,20,8,0,239,7,35,46,0,227
0,31,11,0,31,32,0,0,0,0,2073,0,0,0,0,0,0,46,3,0,0,5,5,0,0,3,0,7,0,0,0,0,4,73,0,0,"206031115",184,17,0,41,9,239,9,4,89,6,0,"Flemington",2523,0,52,31,51,0,0,0,5,0,0,0,0,0,0,7,0,0,0,0,196,3,6,18,0,0,0,0,6,0,0,74,0,8,14,0,192
3,9,0,15,8,71,0,26,0,0,830,10,0,0,0,5,0,14,0,0,0,0,6,0,3,7,0,3,0,0,0,0,3,5,0,0,"212021453",172,43,0,27,3,176,4,19,4,7,0,"Endeavour Hills - North",1216,0,17,33,16,14,0,0,3,0,0,0,0,0,0,0,0,0,0,0,175,0,0,6,3,4,0,0,4,0,0,33,10,22,23,0,102
0,28,22,0,24,15,0,3,0,0,1631,0,0,0,0,0,0,12,3,0,0,0,17,0,0,0,0,4,0,0,0,7,7,40,3,0,"206031113",324,21,0,39,3,154,16,8,58,3,0,"Ascot Vale",2312,0,40,12,14,0,0,0,8,0,4,0,0,3,3,3,0,0,0,0,293,7,16,14,0,0,0,0,11,3,0,68,4,10,19,0,105
5,88,63,7,101,50,0,11,3,0,5954,3,0,0,4,0,0,54,7,3,9,9,25,0,5,0,0,14,0,0,0,14,24,92,6,3,"206031114",706,36,0,140,3,336,32,10,125,18,0,"Essendon - Aberfeldie",7750,0,146,44,61,3,0,0,21,0,3,0,0,6,0,15,0,0,3,0,866,10,52,72,4,5,0,0,20,3,0,198,8,18,20,3,264
8,34,12,3,36,92,3,23,0,0,3837,7,0,0,0,0,0,61,8,3,0,3,24,0,5,0,0,3,0,0,0,3,4,93,4,0,"208021426",373,75,0,66,7,412,6,53,105,15,0,"Bentleigh East (North)",4688,0,150,85,61,5,0,0,18,0,0,0,0,6,16,7,0,3,0,0,373,0,13,22,13,17,0,0,12,0,0,175,13,83,51,0,261
6,70,45,0,81,66,0,17,0,0,6612,3,0,0,3,0,0,94,18,0,0,0,21,0,6,4,0,9,0,0,4,4,21,120,11,0,"206031116",476,30,0,107,4,430,14,20,154,24,0,"Moonee Ponds",7866,0,176,68,107,0,0,3,20,0,3,0,0,9,4,17,0,3,0,4,591,18,31,64,0,9,3,0,17,0,0,211,9,25,22,3,370
23,99,65,8,159,178,0,50,0,0,14145,4,3,0,4,3,0,170,82,0,0,3,147,0,23,3,3,3,0,0,0,11,33,185,3,3,"206041117",544,59,0,104,9,1143,28,80,216,88,0,"Carlton",15656,0,640,167,175,3,0,4,132,0,9,0,0,7,3,12,0,6,0,0,760,20,56,143,0,40,0,0,14,7,0,689,7,82,35,3,1033
4,33,18,0,55,34,0,12,3,0,3624,0,0,0,0,0,0,89,11,0,3,3,24,0,4,0,0,3,0,5,0,14,19,155,0,0,"206041121",301,17,0,49,8,308,8,17,188,18,0,"Kensington (Vic.)",4334,0,130,33,96,0,0,3,22,0,0,0,0,3,3,17,0,3,0,4,336,14,14,42,0,10,0,0,20,0,0,163,0,17,24,0,264
313,1427,912,67,1837,3567,3,593,3,10,205049,35,37,3,24,8,0,2964,1202,28,25,107,1524,26,334,26,24,61,3,24,37,113,446,3106,27,26,"206041122",6040,341,16,717,100,14456,391,1941,3355,1277,3,"Melbourne",221142,9,9449,3428,3046,42,0,26,1410,14,29,4,0,75,88,76,9,48,10,16,7911,385,841,1575,58,530,3,4,315,53,9,10204,46,2096,419,28,13546
14,56,35,3,58,83,0,27,0,0,4826,0,0,0,0,0,3,54,23,5,0,0,28,3,12,4,0,7,0,0,0,14,3,55,6,3,"206061135",468,31,0,99,3,424,23,46,68,28,0,"Armadale",6059,0,169,73,54,3,0,0,17,0,0,0,0,11,15,6,0,4,0,3,610,3,24,44,13,25,0,0,30,3,0,229,5,70,36,0,350
19,140,70,6,186,161,0,34,0,0,13105,3,0,0,9,0,0,218,45,4,4,13,69,0,24,0,0,7,0,3,4,23,37,239,4,11,"206041123",817,82,0,121,14,1084,40,87,278,59,0,"North Melbourne",15259,3,534,155,231,4,0,4,48,0,3,0,0,15,8,13,0,3,6,0,1078,24,62,147,4,30,0,0,50,10,0,629,4,110,71,3,912
42,177,60,3,238,387,0,81,0,0,27419,0,7,0,0,0,0,662,217,4,0,19,290,3,43,0,3,3,0,3,0,3,51,296,0,0,"206041124",298,16,0,52,23,1933,5,219,306,217,4,"Parkville",28210,0,1390,379,668,4,0,0,278,0,0,0,0,9,6,0,0,0,0,0,258,40,56,215,0,76,0,0,28,5,0,1427,4,222,15,0,1878
21,132,60,8,124,261,0,49,0,0,14047,5,3,0,3,3,0,188,63,3,0,3,116,6,23,8,0,7,0,3,3,7,34,144,4,4,"206051128",774,42,0,161,20,1120,86,158,165,74,0,"Albert Park",16520,0,748,240,198,5,0,0,105,6,3,4,0,17,14,9,5,3,3,5,1405,28,48,86,0,33,0,0,36,6,0,878,9,178,87,4,969
3,12,15,0,14,8,0,16,0,0,1376,5,0,0,0,0,0,0,6,0,0,0,19,0,3,3,0,3,0,0,0,0,3,10,0,3,"206051129",449,34,0,48,0,171,29,27,21,10,0,"Elwood",2269,0,73,3,3,0,0,3,11,0,0,0,0,3,7,3,0,3,0,3,383,3,14,13,3,3,0,0,31,8,0,135,3,34,24,0,109
28,189,39,11,213,318,3,61,0,0,21016,4,7,3,10,5,0,437,77,0,0,17,88,0,31,0,0,9,0,4,3,32,61,413,0,0,"206051131",418,36,0,62,21,1418,31,170,453,79,0,"Port Melbourne Industrial",22784,0,978,296,449,5,0,3,79,0,0,0,0,13,4,10,0,10,0,0,1105,51,39,180,0,48,3,0,13,0,0,1025,0,183,63,11,1294
3,26,10,3,24,27,0,14,0,0,2093,6,0,0,0,0,0,11,12,3,0,0,33,0,3,0,0,4,0,0,0,0,5,23,4,0,"206051134",504,56,0,62,5,342,23,30,32,19,0,"St Kilda East",3084,0,89,19,12,0,0,4,20,0,0,0,0,3,17,3,0,11,0,0,403,3,10,16,14,8,0,0,32,6,0,143,3,57,46,0,232
31,154,92,4,245,390,0,78,0,0,22832,12,3,0,3,0,3,323,105,3,0,9,187,0,35,4,4,18,0,0,5,16,65,319,11,8,"206051132",945,65,3,197,17,1765,99,217,360,118,0,"South Melbourne",26019,0,1132,375,339,3,0,4,161,0,8,0,0,29,22,11,0,13,0,11,1887,57,72,187,11,64,0,0,56,10,0,1302,11,252,89,10,1587
24,122,69,6,154,190,0,81,0,4,12399,13,3,0,0,3,0,158,52,0,5,12,137,0,29,3,3,5,4,3,3,12,20,146,10,3,"206051133",970,87,0,163,12,1322,73,142,177,55,0,"St Kilda",14832,0,660,175,167,8,0,4,109,0,0,0,0,20,21,7,3,13,0,3,1185,9,57,115,10,65,0,0,66,10,0,801,10,174,80,0,1133
11,104,79,3,121,144,0,39,0,0,10371,11,0,0,0,0,0,75,46,3,4,4,103,3,13,9,0,7,3,5,11,13,31,142,3,5,"206061137",803,70,0,166,9,959,49,105,171,56,0,"South Yarra - East",12741,0,433,139,87,3,0,3,87,0,3,0,0,5,18,10,0,0,0,4,1292,24,75,94,7,26,0,0,48,10,0,540,10,129,86,3,792
7,38,20,3,55,57,0,31,0,0,3350,3,4,3,0,0,3,30,7,0,4,0,32,0,4,14,0,6,0,0,3,0,3,29,0,4,"206061138",491,27,0,127,5,308,24,32,37,5,0,"Toorak",4638,0,143,48,28,3,0,0,26,0,0,4,0,8,9,0,0,3,5,4,622,4,18,38,6,15,0,0,26,4,0,195,8,49,46,0,229
16,60,72,5,110,130,0,28,0,3,8747,0,0,0,0,0,0,119,26,0,3,9,64,0,16,0,0,3,0,9,3,31,16,264,5,3,"206071139",401,16,0,67,3,595,20,77,322,29,0,"Abbotsford",9866,0,377,125,120,0,0,0,54,0,7,0,0,6,6,16,0,3,7,0,587,14,58,86,4,26,0,0,17,6,0,417,4,86,32,0,535
0,17,14,0,29,8,0,9,0,0,1382,0,0,0,3,0,0,3,3,0,0,0,20,0,0,3,0,3,0,0,0,0,10,16,3,0,"206071140",353,17,0,39,0,100,17,12,18,4,0,"Carlton North - Princes Hill",2047,0,48,8,4,0,0,0,6,0,0,0,0,0,0,3,0,3,0,0,250,0,6,18,3,4,0,0,20,5,0,87,6,14,10,0,65
3,35,17,0,53,28,0,11,0,0,2657,0,3,0,3,0,0,23,13,0,0,3,24,0,3,0,0,10,0,3,0,0,8,37,0,0,"206071143",505,23,0,58,4,240,13,9,41,13,0,"Fitzroy North",3630,0,111,30,25,0,0,0,21,0,0,0,0,3,3,3,0,3,0,3,376,9,10,43,0,5,0,0,28,3,0,158,3,14,11,0,202
59,271,155,12,329,420,0,108,0,0,32161,6,17,0,3,0,0,512,147,3,0,15,252,4,60,10,0,24,3,11,9,74,42,685,7,9,"206071144",1724,108,0,252,26,2179,125,268,872,163,3,"Richmond (Vic.)",36842,0,1472,395,524,13,0,4,218,4,13,0,0,22,30,88,0,10,5,14,2437,37,143,263,10,88,0,0,73,14,3,1696,16,308,91,4,1927
18,29,8,0,39,26,0,5,0,0,2577,0,0,0,0,0,0,15,3,0,0,3,20,0,18,0,0,0,0,0,0,0,4,32,0,0,"206071145",332,10,0,36,0,150,16,16,37,7,0,"Yarra - North",3206,0,133,21,23,0,0,0,19,0,0,0,0,5,0,0,0,0,0,5,232,6,10,31,0,7,0,0,16,5,0,173,0,19,8,3,130
4,45,29,5,44,50,0,7,0,0,3620,0,0,0,7,0,3,35,21,3,0,0,26,0,5,0,0,3,0,0,3,10,13,24,6,3,"207011147",459,25,0,144,0,244,29,36,47,28,0,"Balwyn",4942,0,121,42,43,0,0,4,18,0,0,0,0,4,0,9,0,3,0,9,674,7,18,26,4,10,0,0,11,3,0,163,9,42,30,0,179
3,24,19,4,20,43,0,4,0,0,1563,0,0,0,0,0,0,14,6,0,0,0,10,0,4,0,0,0,0,0,0,3,4,15,0,4,"207011146",230,18,0,45,0,104,11,10,18,9,0,"Ashburton (Vic.)",2103,0,62,29,16,3,0,0,7,0,0,0,0,0,0,6,0,0,0,0,244,4,9,19,0,3,0,0,10,0,0,81,0,13,5,0,75
21,69,58,7,80,143,0,23,0,3,8431,3,0,0,0,0,0,79,44,0,0,4,58,5,20,4,0,4,0,0,0,13,6,108,7,9,"207011152",562,38,0,113,3,563,39,112,125,44,0,"Hawthorn East",10110,0,349,132,82,5,0,4,50,3,0,0,0,3,12,4,0,0,0,7,928,3,34,67,9,16,0,0,24,6,0,418,5,126,37,3,482
10,59,43,10,52,136,0,19,0,0,6957,0,0,0,4,0,0,99,34,0,3,4,44,3,16,3,0,3,0,3,5,6,11,79,5,0,"207011149",621,29,0,157,7,492,37,65,103,37,0,"Camberwell",8596,0,271,120,101,3,0,0,36,4,0,0,0,9,6,8,0,0,0,3,805,0,41,42,9,12,0,0,33,7,0,344,5,79,30,0,432
3,17,6,0,24,24,0,8,0,0,2386,0,0,0,0,0,0,33,17,0,0,0,9,0,3,0,0,6,0,0,3,6,0,17,0,0,"207021160",285,13,0,53,0,145,4,27,27,16,0,"Templestowe Lower",2997,0,84,20,39,3,0,5,8,0,0,0,0,0,3,0,0,0,0,0,251,0,6,19,6,3,0,0,11,0,0,93,7,34,14,0,108
4,30,20,5,41,33,0,3,0,0,2096,0,3,0,3,0,0,18,11,3,0,3,18,0,5,0,0,10,0,0,3,3,8,27,0,0,"207011148",447,23,0,99,3,141,13,22,38,17,0,"Balwyn North",3234,0,64,17,17,5,0,0,19,0,0,0,0,7,3,6,0,0,0,4,558,5,15,18,3,0,0,0,17,3,0,102,4,25,29,4,83
21,102,26,8,94,152,0,28,0,0,10377,4,0,0,3,0,0,137,47,4,3,10,65,0,23,5,0,3,0,0,4,15,17,106,4,0,"207011153",808,34,0,186,9,639,31,87,144,54,0,"Kew",12491,0,429,135,142,3,0,0,55,0,8,0,3,6,7,10,0,4,5,3,1024,8,17,76,5,18,0,0,38,9,0,502,14,101,42,0,546
9,47,24,3,52,142,0,19,0,0,5509,3,0,0,0,0,0,70,28,3,3,4,41,0,8,5,0,4,0,3,4,6,10,55,3,0,"207011150",395,18,0,82,6,366,23,66,73,40,0,"Glen Iris - East",6621,0,405,134,73,3,0,0,33,0,4,0,0,3,9,12,0,5,0,0,589,3,22,40,3,12,0,0,26,0,0,452,8,76,40,0,300
17,106,63,6,121,235,0,42,0,0,13273,0,5,0,3,0,0,121,50,8,0,10,108,3,19,3,3,7,0,6,4,4,21,166,4,5,"207011151",776,42,0,166,9,897,45,132,197,63,0,"Hawthorn",15458,0,583,225,126,6,0,3,96,0,9,0,0,9,12,10,0,3,0,4,1134,12,56,102,5,37,0,0,48,7,0,683,9,152,46,0,791
6,32,13,4,40,68,0,11,0,0,3170,0,3,0,0,0,3,21,16,0,0,3,9,0,6,0,0,3,0,0,3,0,8,31,0,3,"207021425",326,21,0,69,4,211,5,36,33,28,0,"Doncaster East (South)",4074,0,82,64,24,0,0,0,10,0,0,0,0,3,5,3,0,0,3,0,469,3,7,27,3,11,0,0,17,4,0,108,4,41,31,0,157
10,59,18,8,69,111,0,11,0,0,6851,0,7,0,0,0,0,66,31,0,0,3,36,0,10,0,0,5,0,0,3,7,10,64,0,0,"207031161",567,29,0,124,0,391,20,50,86,38,4,"Blackburn",8340,0,271,94,70,7,0,3,33,0,3,0,0,3,4,7,0,3,0,3,742,4,21,61,0,14,0,0,25,0,0,327,4,56,25,0,328
3,10,3,0,14,25,0,3,0,0,1582,0,0,0,0,0,0,10,5,3,0,0,13,0,3,3,0,3,0,0,0,0,0,12,0,0,"207011154",191,8,0,48,0,87,9,12,17,12,0,"Kew East",2113,0,77,23,10,0,0,0,11,0,0,0,0,3,0,0,0,0,0,0,285,0,3,3,0,3,0,0,8,3,0,95,3,11,7,0,61
3,54,30,5,55,69,0,11,0,0,4318,0,3,0,0,0,4,41,16,0,0,3,39,0,6,4,0,8,0,3,3,5,5,38,0,0,"207011155",517,22,0,123,5,257,39,43,57,26,0,"Surrey Hills (West) - Canterbury",5718,0,190,62,45,0,0,0,30,0,0,0,0,4,4,3,0,8,0,7,713,5,23,32,5,4,0,0,20,3,0,263,3,62,18,4,214
0,27,12,0,37,34,0,7,0,0,2016,0,0,0,3,0,0,11,18,0,3,3,7,0,0,4,0,9,0,0,0,3,9,31,4,0,"207021156",266,23,0,60,3,113,5,23,49,22,0,"Bulleen",2709,0,38,31,15,0,0,0,10,0,4,0,0,10,6,5,0,0,0,0,349,3,4,23,7,7,0,0,3,0,0,49,5,33,14,3,68
7,69,28,4,73,104,0,15,0,0,8376,0,3,0,3,0,0,51,45,3,0,0,37,0,7,0,0,6,3,0,3,3,13,89,3,0,"207021157",463,32,0,130,0,413,13,89,100,57,0,"Doncaster",9615,0,254,93,53,3,0,0,35,0,3,0,0,3,3,6,0,0,4,3,568,6,22,62,6,13,0,0,17,0,0,284,3,104,28,0,342
11,24,9,3,26,31,0,6,0,0,1718,0,0,0,0,3,0,53,5,0,0,0,3,0,13,0,0,0,0,0,0,0,4,8,0,0,"207021159",342,20,0,93,0,137,18,18,10,7,0,"Templestowe",2599,0,43,26,53,3,0,0,0,0,0,0,0,10,10,4,0,0,0,4,426,3,9,17,6,6,3,0,9,0,0,78,4,31,14,0,96
0,20,4,0,16,6,0,3,0,0,1355,0,0,0,0,0,0,5,0,0,0,0,11,0,3,0,0,0,0,0,3,0,0,3,0,0,"211031265",371,12,0,59,3,56,14,12,8,3,0,"Croydon Hills - Warranwood",2083,0,66,3,5,0,0,0,7,0,0,0,0,0,0,0,0,0,0,0,274,0,4,11,5,0,0,0,23,0,0,112,0,16,0,0,43
0,24,4,3,20,18,0,3,0,0,1681,0,0,0,0,0,0,13,15,5,0,3,9,0,0,0,0,0,0,0,3,0,4,21,0,0,"207021424",243,15,0,66,4,101,12,24,27,25,0,"Doncaster East (North)",2329,0,38,15,13,3,0,0,9,0,0,0,0,0,0,0,0,0,0,0,321,3,4,16,8,3,0,0,7,0,0,53,9,32,19,3,61
25,140,38,12,139,345,0,40,0,0,16974,0,9,0,0,4,0,231,125,6,0,5,56,0,24,0,3,3,4,3,3,21,10,267,4,0,"207031163",676,38,0,171,9,1001,16,118,300,141,0,"Box Hill",18958,0,650,329,237,10,0,3,51,0,6,0,0,11,4,11,0,0,0,9,993,7,35,119,0,41,0,0,15,0,0,700,7,126,58,0,896
17,115,49,8,140,200,0,58,0,3,11351,14,8,0,0,0,0,126,30,0,0,5,49,4,14,11,0,4,0,4,3,13,24,279,7,0,"208031188",792,76,0,179,15,931,54,105,320,28,4,"Cheltenham - Highett (East)",13590,0,456,187,130,4,0,3,40,0,3,3,0,7,23,23,3,9,7,5,1146,16,41,118,11,33,0,0,49,4,0,572,20,139,123,0,707
15,53,23,3,61,94,0,68,0,0,5614,15,3,0,0,0,5,96,22,3,0,5,124,0,16,9,0,9,0,0,0,0,8,57,0,0,"208021177",689,92,0,116,7,820,16,178,60,22,0,"Caulfield - North",7133,0,240,91,98,0,0,0,98,0,0,5,0,3,43,5,0,5,0,3,654,8,23,43,32,33,0,0,37,17,0,290,22,260,95,0,593
17,40,23,7,48,187,0,28,0,0,6695,3,3,0,0,0,0,71,40,4,0,0,58,4,14,0,0,0,0,0,0,4,10,75,0,0,"207031165",218,18,0,71,0,457,12,75,80,44,0,"Burwood",7388,0,259,165,66,10,0,0,53,0,0,0,0,3,3,5,0,0,0,4,363,10,23,43,3,24,0,0,9,4,0,285,0,85,17,0,420
3,24,7,3,21,24,0,0,0,0,1418,0,0,0,0,0,0,9,13,3,0,0,7,0,4,0,0,0,0,0,0,3,0,18,0,0,"207031164",337,27,0,64,0,116,14,21,28,17,0,"Box Hill North",2173,0,45,11,17,9,0,0,8,0,0,0,0,5,4,4,0,0,0,0,332,0,3,14,0,0,0,0,5,3,0,74,0,24,14,3,78
3,18,10,0,19,20,0,9,0,0,1362,0,0,0,4,0,0,11,3,0,0,0,18,0,6,0,0,4,0,0,0,0,7,5,0,0,"208011168",379,24,0,76,0,104,35,21,4,5,0,"Beaumaris",2256,0,93,13,10,3,0,0,9,0,0,0,0,0,11,0,0,4,0,5,423,0,5,9,10,3,0,0,31,6,0,157,0,42,18,0,60
18,52,9,8,53,97,3,62,0,0,4514,11,0,0,3,0,8,141,21,0,0,6,35,0,22,10,0,3,0,0,0,3,4,40,0,0,"208021178",592,105,0,73,5,684,18,147,50,20,0,"Caulfield - South",5804,0,196,86,139,0,0,0,27,0,0,4,0,3,50,3,0,0,0,0,578,3,13,38,65,35,0,0,23,3,0,241,7,270,108,0,457
16,90,45,7,74,97,0,49,0,0,7085,21,3,0,0,0,4,75,16,4,3,3,63,0,11,10,0,9,9,0,4,4,6,61,4,3,"208011169",959,79,0,198,10,633,52,80,73,26,0,"Brighton (Vic.)",9511,0,341,87,83,5,0,0,36,0,0,3,0,4,26,14,0,13,0,6,1183,6,44,54,10,17,0,0,57,4,0,461,13,122,82,3,450
5,34,26,0,40,31,3,36,0,0,3655,0,0,0,0,0,3,42,9,0,0,0,47,0,5,5,0,4,0,0,3,4,9,28,0,0,"208021179",425,58,0,61,5,496,18,111,33,18,0,"Elsternwick",4666,0,163,30,46,7,0,0,34,0,0,0,0,4,13,6,0,9,0,0,492,8,21,31,13,26,0,0,17,4,0,207,5,148,56,0,362
10,48,13,0,60,55,0,28,0,5,3932,0,3,0,0,0,0,55,11,0,0,6,31,0,14,3,0,10,0,0,3,0,10,19,0,0,"208011173",512,34,0,119,5,263,34,46,28,16,0,"Sandringham - Black Rock",5179,0,267,50,61,0,0,0,28,0,0,3,0,5,3,4,0,3,0,9,571,4,5,32,4,17,0,0,35,0,0,351,5,52,27,0,189
23,110,53,10,158,162,0,37,0,0,13194,3,3,0,0,3,0,128,30,0,0,10,53,0,23,3,0,9,0,0,0,8,4,127,0,3,"211031266",575,27,0,131,6,596,45,104,144,30,0,"Ringwood",14924,0,515,151,131,5,0,3,48,0,3,0,0,9,3,4,0,3,0,0,914,4,42,136,0,30,0,0,24,3,0,583,0,108,38,3,525
0,34,0,3,25,28,0,8,0,0,1311,0,0,0,0,0,0,6,3,0,0,0,3,0,0,3,0,3,0,0,0,3,4,19,0,0,"208031185",237,13,0,47,3,86,25,9,24,3,0,"Carrum - Patterson Lakes",1855,0,56,19,12,3,0,3,0,0,0,0,0,4,3,3,0,0,0,5,227,0,0,11,4,3,0,0,10,0,0,104,4,14,9,0,56
5,30,20,0,34,29,0,7,0,0,1542,6,0,0,0,0,0,39,3,0,0,0,11,0,7,0,0,0,0,0,0,0,5,9,3,0,"208031186",270,19,0,49,3,126,14,11,15,3,0,"Chelsea - Bonbeach",2144,0,88,23,45,0,0,0,6,0,3,0,0,3,7,0,0,3,0,0,247,3,18,31,0,6,0,0,15,0,0,115,3,18,21,0,76
9,38,18,4,68,68,0,21,0,0,4088,0,0,0,4,0,0,26,13,0,0,0,21,0,9,5,3,3,0,0,0,4,8,37,3,0,"208031190",351,24,0,57,0,239,31,44,45,14,0,"Mentone",4959,0,242,56,34,3,0,0,13,0,0,0,0,0,11,3,0,4,0,0,424,5,11,58,6,15,0,0,22,0,0,293,5,61,30,3,173
0,30,16,8,20,48,0,3,0,0,1641,0,0,0,0,6,0,16,0,0,0,3,8,3,0,0,0,0,0,0,0,3,5,24,0,0,"209011196",192,13,0,39,0,84,4,11,31,0,0,"Bundoora - East",2117,0,41,34,16,0,0,0,5,0,0,0,0,0,0,7,0,0,0,4,211,4,16,17,0,3,0,0,3,0,0,58,0,8,13,0,64
3,22,10,0,17,14,0,3,0,0,1226,0,0,0,0,0,0,19,0,0,0,0,16,0,4,0,0,0,0,0,0,0,4,3,0,0,"208031189",286,15,0,58,3,95,13,6,11,0,0,"Edithvale - Aspendale",1825,0,67,10,20,3,0,3,8,0,3,0,0,0,3,7,0,0,0,0,229,0,12,16,0,0,0,0,22,6,0,100,3,15,12,0,60
9,36,3,0,54,52,0,17,0,0,4163,0,0,0,0,0,0,57,12,0,0,5,15,0,9,0,0,0,0,0,0,6,22,57,0,0,"210011227",60,0,0,11,4,166,9,26,70,12,0,"Essendon Airport",4384,0,126,51,55,0,0,0,18,0,0,0,0,0,0,4,0,0,0,0,115,19,3,50,0,14,0,0,3,0,0,132,0,30,4,0,156
21,135,48,6,186,331,3,79,0,0,13231,10,5,0,9,0,0,201,32,3,3,9,73,3,23,11,0,3,3,4,0,12,45,317,0,0,"208031191",588,64,0,147,12,1298,55,125,350,38,0,"Moorabbin - Heatherton",15331,0,566,307,203,16,0,0,53,0,3,0,0,18,24,17,0,9,0,3,1231,33,47,150,10,49,0,0,29,9,3,654,13,159,101,0,1098
0,14,8,0,27,58,0,7,0,0,2370,0,0,0,0,0,0,33,9,0,0,0,5,0,0,0,0,0,0,0,0,0,10,83,0,0,"208031192",31,0,0,8,0,159,3,35,86,9,0,"Moorabbin Airport",2496,0,99,62,33,0,0,0,5,0,0,0,0,0,0,0,0,0,0,0,64,4,8,27,0,7,0,0,0,0,0,105,0,35,4,0,148
4,57,19,4,79,39,0,9,0,0,5065,0,0,0,0,0,0,47,9,0,0,9,22,0,4,3,0,5,0,3,0,7,11,50,0,4,"209011197",417,14,0,91,0,156,17,18,72,9,0,"Greensborough",6160,0,160,33,46,0,0,0,11,0,0,0,0,9,3,11,3,4,4,3,535,10,11,54,3,3,0,0,13,3,0,191,0,25,20,0,123
0,28,3,0,34,16,0,3,0,0,1586,0,0,0,0,0,0,13,8,0,0,3,14,0,0,0,0,9,0,0,0,0,3,27,0,0,"209021429",248,16,0,38,0,107,3,3,33,9,0,"Preston - West",2039,0,51,15,11,0,0,4,10,0,0,0,0,3,0,3,0,0,0,0,141,4,3,19,0,0,0,0,5,3,0,55,3,3,8,0,78
0,15,4,0,15,13,0,0,0,0,936,0,0,0,0,0,0,0,4,0,0,0,11,0,0,0,0,3,0,0,0,0,0,6,3,0,"209011204",158,11,0,26,0,46,3,5,6,7,0,"Watsonia",1273,0,40,15,3,0,0,0,7,0,0,0,0,3,0,3,0,0,0,3,141,0,3,7,0,0,0,0,6,0,0,49,0,5,10,0,25
0,23,3,0,30,17,0,3,0,0,1408,0,0,0,0,0,0,13,3,3,0,0,4,0,0,0,0,6,0,0,0,0,3,4,0,0,"209031213",198,4,0,54,0,65,7,4,8,8,0,"Plenty - Yarrambat",1930,0,39,14,17,3,0,0,3,0,0,0,0,3,0,0,0,0,0,0,255,0,3,18,0,3,0,0,7,0,0,54,3,4,6,0,52
0,7,0,0,12,6,0,0,0,0,698,0,0,0,0,0,0,0,0,0,0,0,3,0,0,0,0,5,0,0,0,0,0,0,0,0,"209031214",191,5,0,47,0,22,23,7,0,0,0,"Research - North Warrandyte",1215,0,34,3,0,0,0,0,0,0,0,0,0,0,0,0,0,0,0,3,266,0,0,4,5,0,0,0,16,0,0,73,0,10,3,0,15
8,31,3,3,25,28,0,7,3,0,1697,0,0,0,0,3,0,27,6,0,0,3,5,0,8,0,0,0,0,0,0,0,4,10,0,0,"209041217",134,4,0,27,3,90,8,3,19,7,0,"Bundoora - West",2008,0,51,17,29,4,0,0,3,0,0,0,0,0,0,0,0,0,0,0,112,0,3,21,0,7,0,0,4,0,0,61,0,3,6,0,75
0,50,3,3,56,19,0,3,0,0,2116,0,0,0,3,0,0,23,3,0,3,4,3,0,0,0,0,3,0,0,0,30,21,82,0,0,"209041219",316,32,0,60,0,148,0,9,156,3,0,"Lalor",2844,0,37,10,25,3,0,3,3,0,3,0,0,10,0,36,0,0,0,0,304,15,0,43,0,0,0,0,5,0,0,41,3,9,13,0,93
14,73,47,3,81,85,0,15,3,0,4725,0,5,0,0,0,0,76,4,0,0,3,17,0,14,0,0,9,0,0,0,3,10,147,0,0,"208031193",595,43,0,106,18,453,39,46,162,8,0,"Mordialloc - Parkdale",6181,0,217,79,75,3,0,0,17,0,3,0,0,12,13,8,0,0,0,5,683,6,48,53,3,9,0,0,43,5,0,316,8,59,35,0,351
6,61,8,5,78,112,0,16,0,0,5740,3,3,0,0,0,0,53,23,0,0,5,46,0,5,0,0,5,0,0,0,0,11,85,0,0,"209021205",178,12,0,38,5,377,3,33,92,27,0,"Kingsbury",6210,0,256,101,53,3,0,0,42,0,0,0,0,0,5,4,0,0,3,0,198,9,11,64,3,13,0,0,4,0,0,269,3,36,20,0,336
4,44,4,3,54,40,0,8,0,0,2338,0,0,0,0,0,0,109,6,0,0,0,9,0,4,0,3,11,0,0,0,7,9,58,4,0,"209021207",373,25,0,59,8,195,0,7,80,6,0,"Reservoir - East",3086,0,49,26,116,4,0,4,4,0,0,0,0,3,0,15,0,0,3,0,275,10,0,39,0,8,0,0,3,0,0,55,8,7,19,0,144
3,76,23,4,100,57,0,23,0,0,4117,4,0,0,7,0,0,65,7,0,0,13,13,0,7,3,3,3,0,3,0,4,20,140,0,0,"209021208",404,18,0,82,4,274,9,12,164,10,0,"Reservoir - West",5173,0,105,54,70,3,0,3,9,0,3,0,0,10,3,16,0,0,9,0,490,14,24,74,0,14,0,0,9,0,0,124,5,18,21,0,222
24,93,32,9,101,195,3,49,0,0,8494,4,7,0,3,0,4,212,36,0,5,7,57,0,29,7,4,3,0,0,3,6,17,72,0,3,"208041194",812,51,0,141,7,600,45,101,88,45,0,"Malvern - Glen Iris",10502,0,341,181,222,3,0,0,41,0,0,0,0,10,7,13,0,10,3,7,960,9,31,69,11,35,0,0,45,3,0,439,3,128,39,0,497
14,91,53,4,86,201,0,36,0,0,9311,7,3,0,0,0,5,99,28,6,0,6,44,4,18,3,3,3,0,3,0,5,11,110,0,0,"208041195",572,25,0,144,0,582,28,79,137,37,0,"Malvern East",10811,0,304,190,104,7,0,0,41,0,3,0,0,3,3,8,0,0,0,3,696,5,49,77,13,25,0,0,27,3,0,361,7,97,38,0,505
9,53,16,3,58,35,0,10,0,0,4520,0,3,0,0,0,0,13,9,0,3,5,20,0,7,0,0,6,0,0,0,3,3,27,0,0,"209031209",721,23,0,109,0,125,43,28,34,10,0,"Eltham",6211,0,182,21,19,4,0,0,14,0,3,0,0,10,3,6,0,5,0,4,802,0,17,36,8,6,3,0,39,4,0,267,3,44,15,0,89
0,8,0,0,7,0,0,0,0,0,338,0,0,0,0,0,0,0,0,0,0,0,5,0,0,0,0,0,0,0,0,0,0,0,0,0,"209031210",121,3,0,18,0,9,6,3,0,0,0,"Hurstbridge",580,0,14,0,0,0,0,0,3,0,0,0,0,4,0,0,0,0,0,3,88,0,0,3,0,0,0,0,9,0,0,38,0,3,0,0,4
0,8,0,0,17,0,0,0,0,0,441,0,0,0,0,0,0,3,0,0,0,3,0,0,0,0,0,3,0,0,0,0,0,0,0,0,"209031211",102,3,0,36,0,22,3,3,0,0,0,"Kinglake",699,0,22,0,3,0,0,0,0,0,0,0,0,0,0,0,0,0,0,0,108,0,0,10,0,0,0,0,3,0,0,29,0,4,4,0,13
0,17,0,0,18,0,0,0,0,0,567,0,0,0,0,0,0,0,0,0,0,0,3,0,0,0,0,6,0,0,0,0,0,0,0,0,"209031212",185,5,0,48,0,21,14,13,0,0,0,"Panton Hill - St Andrews",977,0,25,0,0,0,0,0,4,0,0,0,0,7,0,0,0,0,3,4,165,0,0,10,0,0,0,0,14,0,0,58,0,12,0,0,13
17,97,33,3,156,165,0,32,0,0,12420,3,0,0,0,0,0,225,60,4,0,5,56,0,23,0,0,6,0,0,4,5,14,88,3,0,"209011198",482,24,0,85,4,584,15,71,101,61,0,"Heidelberg - Rosanna",13566,0,476,153,230,4,0,0,53,5,0,0,0,10,6,7,0,3,0,0,483,14,24,128,0,26,0,0,16,0,0,514,3,78,17,0,532
0,17,0,3,9,20,0,0,0,0,477,0,0,0,0,0,0,0,0,0,0,3,0,0,0,0,0,0,0,0,0,0,0,0,0,0,"209041435",136,4,0,21,0,34,3,0,0,0,0,"South Morang (North)",788,0,8,17,0,6,0,3,0,0,0,0,0,0,3,0,0,0,0,0,135,0,0,3,0,0,0,0,3,0,0,14,3,4,6,0,18
3,23,3,23,48,141,0,6,0,0,1883,0,0,0,0,6,0,31,5,0,0,4,7,3,3,3,0,3,0,0,0,6,5,27,0,0,"212031305",282,67,0,52,7,328,3,7,46,6,0,"Hampton Park - Lynbrook",2425,0,61,78,36,34,0,0,7,0,7,0,0,0,0,10,3,0,0,0,184,3,0,38,3,7,0,0,3,0,0,69,13,12,37,3,203
13,70,9,8,84,75,0,17,0,0,5483,0,0,0,4,0,0,76,12,0,0,5,21,0,12,0,0,5,0,0,0,4,13,126,0,0,"209011199",417,63,0,83,10,374,31,22,144,11,0,"Heidelberg West",6684,0,173,62,82,3,0,6,21,0,3,0,0,9,3,9,3,3,0,3,631,10,9,67,0,18,0,0,3,0,0,209,4,25,27,0,271
0,37,11,3,32,18,0,8,0,0,2988,0,3,0,0,0,0,15,10,3,0,5,14,0,0,0,0,0,0,0,0,5,5,22,0,0,"209011200",375,25,0,57,0,164,15,19,38,11,0,"Ivanhoe",3848,0,103,11,21,0,0,0,17,0,0,3,0,5,3,7,0,0,0,3,387,0,4,21,3,7,0,0,12,0,0,138,3,24,14,0,126
0,7,3,3,15,7,0,4,0,0,834,0,0,0,0,0,0,3,0,0,0,0,7,0,0,4,0,0,0,0,0,3,0,0,0,3,"209011201",209,8,0,45,3,53,14,3,3,0,0,"Ivanhoe East - Eaglemont",1340,0,26,3,3,0,0,0,6,0,0,0,0,3,0,0,0,3,0,0,246,0,0,12,0,3,0,0,9,0,0,46,0,3,6,0,37
0,35,24,0,35,17,0,4,0,0,1794,0,0,0,0,0,0,17,3,0,0,4,19,0,3,0,0,3,0,0,0,0,3,4,0,0,"209011202",383,19,0,58,0,74,15,3,13,3,0,"Montmorency - Briar Hill",2646,0,73,13,17,0,0,0,13,0,0,0,0,7,0,4,0,0,0,3,385,3,21,21,3,4,0,0,15,3,0,107,0,7,12,0,36
7,22,17,0,20,13,0,5,0,0,2197,0,0,0,0,0,0,30,6,3,0,0,14,0,6,3,0,0,0,0,0,3,0,7,0,0,"209011203",262,7,0,28,3,89,5,8,15,12,0,"Viewbank - Yallambie",2719,0,81,13,31,0,0,0,9,0,0,0,0,3,0,3,0,4,0,0,207,0,12,15,0,0,0,0,12,0,0,98,0,14,5,0,80
23,182,49,11,270,200,0,42,0,0,14787,0,0,0,4,3,0,227,42,0,9,17,36,4,25,0,0,20,0,3,3,47,63,425,3,4,"209021428",762,46,0,178,11,933,20,57,545,45,0,"Preston - East",16922,0,354,177,233,9,0,3,32,0,20,0,0,23,7,55,0,4,3,0,1017,45,43,210,3,39,0,0,25,0,0,403,0,67,52,3,814
8,32,8,0,39,8,0,3,0,0,1728,3,3,0,0,0,0,6,4,0,0,3,0,0,8,0,0,8,0,0,0,0,6,11,3,0,"209031215",284,13,0,52,0,51,27,5,17,6,0,"Wattle Glen - Diamond Creek",2403,0,74,5,6,3,0,0,0,0,0,0,0,4,0,0,0,0,0,0,301,3,10,20,3,0,0,0,12,0,0,114,4,10,9,0,32
8,9,0,0,28,22,0,3,0,0,938,0,0,0,0,0,0,44,3,0,0,0,8,0,8,0,0,3,0,0,0,0,3,4,0,0,"209041431",131,8,0,19,0,98,0,4,6,3,0,"Epping - East",1184,0,18,17,47,3,0,3,6,0,0,0,0,5,0,0,0,0,0,0,89,5,0,24,0,0,0,0,3,0,0,18,0,4,6,0,79
27,116,27,9,187,197,0,20,0,0,10514,0,6,0,5,0,0,247,31,0,0,14,22,3,29,0,0,4,0,0,0,8,54,237,0,0,"209041432",241,21,0,65,7,607,9,45,254,31,0,"Epping - South",11392,0,267,178,251,6,0,0,22,0,3,0,0,7,0,7,0,0,0,0,450,42,26,164,0,20,0,0,6,0,0,284,7,52,26,0,544
7,47,8,8,40,85,0,10,0,0,3271,0,0,0,0,0,0,57,19,0,0,0,7,3,7,0,0,0,0,3,0,0,21,29,0,0,"209041216",128,16,0,38,3,257,5,15,42,19,0,"Bundoora - North",3720,0,101,69,54,3,0,0,7,0,0,0,0,4,0,0,0,0,0,0,237,23,10,28,0,6,0,0,3,0,0,111,3,23,16,0,217
0,20,0,9,18,35,0,0,0,0,1287,0,0,0,7,0,0,10,0,0,0,0,3,0,0,0,0,0,0,0,0,0,18,12,0,0,"209041433",176,14,0,23,3,80,3,6,13,3,0,"Epping - West",1686,0,24,21,12,6,0,4,3,0,0,0,0,3,0,3,0,0,0,0,183,9,0,15,0,0,0,0,0,0,0,27,0,8,9,0,59
0,11,4,9,21,31,0,0,0,0,970,0,0,0,3,3,0,5,0,0,0,0,8,0,3,0,0,0,0,0,0,3,12,22,0,0,"209041434",213,7,0,31,0,45,5,7,28,0,0,"Mernda",1395,0,29,19,10,3,0,0,0,0,3,0,0,0,0,0,0,0,0,0,166,7,4,15,0,0,0,0,7,3,0,41,0,5,14,0,23
4,41,12,9,79,71,0,6,0,0,3997,0,0,0,7,0,0,56,10,0,0,8,9,0,4,0,0,7,0,0,0,3,11,46,3,0,"209041220",273,17,0,43,0,185,3,13,56,14,0,"Mill Park - North",4666,0,83,53,63,7,0,6,3,0,0,0,0,14,0,9,0,0,0,0,315,8,8,51,0,7,0,0,9,0,0,91,3,10,25,0,136
0,15,0,7,24,29,0,0,0,0,579,0,0,0,0,0,0,0,0,0,0,0,5,0,0,0,0,0,0,0,0,0,6,9,0,0,"209041221",115,6,0,20,0,40,7,3,12,0,0,"Mill Park - South",798,0,28,17,0,7,0,0,3,0,0,0,0,0,0,0,0,0,0,0,83,4,0,17,0,0,0,0,0,0,0,27,0,4,7,0,27
8,199,29,7,261,244,0,20,0,0,12390,0,5,0,16,3,3,183,12,0,3,16,23,4,8,3,4,15,0,8,0,24,80,606,0,4,"209041223",579,42,0,140,12,798,32,43,665,8,0,"Thomastown",14790,0,306,214,186,13,0,0,20,0,5,0,0,19,3,17,0,0,3,7,1478,57,26,203,0,15,0,0,11,0,0,357,11,55,61,0,663
3,49,0,0,59,11,0,6,0,0,1656,3,0,0,0,0,0,10,3,0,0,4,0,0,3,0,0,5,0,0,0,0,5,7,0,0,"209041224",234,6,0,58,0,50,12,11,7,3,0,"Wallan",2269,0,59,8,11,4,0,0,0,0,0,0,0,7,0,0,0,0,0,5,277,3,0,42,0,5,0,0,6,0,0,79,0,16,9,0,37
7,36,11,0,29,64,0,5,0,3,2378,0,0,0,0,0,0,40,0,0,0,0,3,0,6,0,3,0,0,0,0,3,5,15,0,0,"209041436",158,9,0,33,3,138,0,7,23,0,0,"South Morang (South)",2742,0,68,61,45,0,0,0,3,0,0,0,0,0,0,6,0,0,0,3,137,5,8,28,0,5,0,0,3,0,0,73,0,12,7,0,119
12,195,32,12,303,210,0,42,3,0,15319,4,8,0,16,0,0,296,29,0,13,21,43,0,12,5,5,8,0,3,3,20,122,385,0,0,"210011228",526,41,0,140,17,909,31,59,412,27,0,"Keilor",17548,0,437,198,305,3,0,0,40,0,0,0,0,32,4,3,3,0,8,4,1355,94,28,230,7,35,0,0,6,0,0,488,3,72,64,4,783
3,34,10,0,60,19,0,7,0,0,2317,0,0,0,3,0,0,107,3,0,3,0,11,0,3,0,0,6,0,3,0,19,15,148,0,0,"210011229",381,27,0,64,4,193,5,5,196,3,0,"Keilor East",3150,0,56,16,110,0,0,3,7,0,7,0,0,6,0,29,0,0,3,3,355,10,10,38,3,6,0,0,3,0,0,69,4,11,23,0,126
0,16,5,0,28,13,0,0,0,0,931,0,0,0,6,0,0,3,0,0,3,4,3,0,0,0,0,5,0,0,0,0,22,10,3,0,"210011231",188,12,0,46,0,46,7,0,22,0,3,"Strathmore",1376,0,24,10,3,4,0,0,3,0,0,0,0,3,0,4,0,0,0,0,191,9,4,20,0,0,0,0,5,0,0,37,0,0,3,0,27
0,38,3,4,49,19,0,5,0,0,2867,0,0,0,0,0,0,12,3,0,0,3,12,0,3,0,0,8,3,0,0,3,0,15,0,0,"210021232",368,10,0,80,0,52,27,9,21,9,0,"Gisborne",3739,0,120,13,13,0,0,0,6,0,3,0,0,8,3,0,0,3,0,5,388,0,0,32,0,5,0,0,24,0,0,175,0,12,3,0,39
0,4,0,0,10,0,0,0,0,0,474,0,0,0,0,0,0,0,0,0,0,0,3,0,0,0,0,3,0,0,0,0,0,0,0,0,"210021233",106,3,0,20,0,13,9,3,4,0,0,"Macedon",700,0,20,0,0,0,0,0,0,0,0,0,0,0,0,0,0,0,3,0,95,0,0,4,0,0,0,0,4,0,0,32,0,4,3,0,11
0,5,5,0,8,0,0,0,0,0,353,0,0,0,0,0,0,0,0,0,0,0,0,0,0,0,0,4,0,0,0,0,0,0,0,0,"210021234",103,0,0,20,0,3,0,0,0,0,0,"Riddells Creek",575,0,13,0,0,0,0,0,0,0,0,0,0,0,0,0,0,0,0,3,90,0,5,3,0,0,0,0,9,0,0,26,0,0,3,0,4
0,27,3,0,46,4,0,0,0,0,1150,0,0,0,0,0,0,3,0,0,0,3,6,0,0,0,0,4,3,0,0,0,0,3,0,0,"210021235",289,3,0,111,0,19,14,3,3,0,0,"Romsey",1811,0,41,7,3,0,0,0,0,0,0,0,0,5,0,0,0,0,4,0,235,0,0,26,0,0,0,0,11,0,0,69,0,5,5,0,7
4,54,12,4,81,43,0,4,0,0,3790,0,0,0,3,0,0,44,13,0,8,3,11,0,8,0,0,0,0,0,0,3,44,92,0,0,"210031236",344,26,0,76,3,335,15,4,109,11,0,"Coburg North",4745,0,89,38,41,0,0,0,10,0,0,0,0,14,0,10,0,3,0,0,482,32,12,56,0,8,0,0,10,3,0,114,3,9,23,0,279
0,40,7,6,54,38,0,4,0,0,1929,0,0,0,4,0,0,79,8,0,3,5,7,4,0,0,0,8,0,0,0,3,33,36,0,0,"210031237",264,28,0,27,7,235,4,3,50,8,0,"Fawkner",2467,0,32,29,81,5,0,0,7,0,4,0,0,3,0,9,0,0,0,0,207,26,3,36,0,4,0,0,3,0,0,37,3,3,16,0,179
0,0,0,3,0,4,0,0,0,0,55,0,0,0,3,0,0,0,0,0,0,0,0,0,0,0,0,0,0,0,0,0,0,0,0,0,"210031439",35,0,0,7,0,5,0,0,0,0,0,"Gowanbrae",130,0,0,3,0,0,0,0,0,0,0,0,0,0,0,0,0,0,0,0,32,0,0,0,0,0,0,0,3,0,0,3,0,0,3,0,0
5,63,5,3,78,61,0,15,3,0,2595,3,0,0,15,0,0,73,5,0,18,5,10,0,8,0,0,10,0,0,0,5,99,41,0,0,"210031438",364,13,0,51,4,245,4,3,62,5,3,"Glenroy",3324,0,64,47,80,3,0,0,6,0,3,0,0,3,0,7,3,3,3,0,251,51,0,53,0,9,0,0,8,0,0,73,0,3,20,0,197
14,142,54,4,258,274,0,42,0,0,15364,0,0,0,3,0,0,273,49,0,0,23,52,7,14,0,0,4,0,3,0,3,87,213,0,0,"210051248",151,16,0,26,5,897,5,73,221,49,0,"Melbourne Airport",15917,0,459,262,278,3,0,0,51,0,0,0,0,4,3,3,0,0,0,0,244,81,52,227,0,37,0,0,0,0,0,470,0,78,20,0,859
0,30,9,7,40,67,0,11,0,0,2423,4,0,0,0,0,0,60,4,0,0,0,5,0,0,0,0,0,0,0,0,3,3,67,0,0,"212041309",223,41,0,43,4,319,5,18,80,6,0,"Clarinda - Oakleigh South",2931,0,67,57,64,6,0,0,6,0,3,0,0,3,8,8,0,0,0,0,209,3,12,36,3,6,0,0,0,0,0,75,3,27,24,4,241
3,39,3,0,42,36,0,3,0,0,2060,0,0,0,11,0,0,28,3,0,12,3,3,0,3,0,0,3,0,0,0,0,42,16,0,0,"210031239",377,23,0,43,0,157,9,7,21,5,0,"Pascoe Vale",2851,0,47,27,32,0,0,0,3,0,0,0,0,6,0,5,0,0,0,0,333,15,3,29,0,0,0,0,3,3,0,57,0,13,15,0,117
4,9,12,4,29,27,0,11,0,0,1989,0,0,0,0,3,0,39,4,0,0,0,7,0,4,3,0,0,0,0,0,3,3,38,0,0,"211031452",140,8,0,29,0,132,8,18,47,8,0,"Croydon South",2331,0,98,25,39,0,0,0,3,0,0,0,0,0,0,3,0,0,0,0,169,3,9,22,0,4,0,0,5,0,0,114,0,25,4,0,120
15,131,19,3,174,177,0,21,6,0,10193,0,0,0,19,0,0,197,22,0,18,8,33,4,15,0,0,5,0,3,0,20,260,335,0,0,"210051242",288,43,0,54,4,777,6,37,367,26,5,"Broadmeadows",11022,0,277,165,210,3,0,4,28,0,5,0,0,0,0,4,0,0,0,0,351,214,19,152,0,17,0,0,5,0,0,287,11,37,40,0,680
0,15,0,0,20,11,0,3,3,0,615,0,0,0,24,0,0,18,4,0,36,0,3,0,0,0,0,0,0,0,0,3,112,11,0,0,"210051247",171,12,0,30,0,73,0,0,20,4,7,"Meadow Heights",930,0,6,5,21,3,0,0,0,0,0,0,0,3,0,3,0,0,0,0,94,48,0,14,0,0,0,0,0,0,0,5,0,0,12,0,50
28,318,64,24,469,399,0,64,14,0,19902,0,0,3,90,8,0,383,47,3,63,37,40,4,29,6,4,19,0,13,3,20,543,645,0,0,"210051243",757,60,0,211,30,1808,36,63,696,55,21,"Campbellfield - Coolaroo",23053,0,517,355,400,7,0,3,36,0,0,0,0,39,3,14,0,3,10,3,1858,365,63,362,0,51,0,0,7,0,0,563,18,70,102,8,1600
3,43,6,5,55,77,0,7,3,0,2905,0,0,0,3,0,0,42,7,0,8,0,11,0,3,0,0,15,0,0,0,7,43,41,0,0,"210051245",330,19,0,47,0,188,4,3,52,10,3,"Gladstone Park - Westmeadows",3618,0,61,61,46,4,0,3,9,0,0,0,0,6,0,3,0,0,0,0,291,31,6,39,3,7,0,0,9,0,0,79,3,3,20,0,139
0,31,0,0,28,24,0,0,0,0,1308,0,0,0,14,0,0,4,4,0,15,0,3,0,0,0,0,3,0,0,0,0,54,7,0,0,"210051246",283,18,0,57,0,110,3,0,11,4,3,"Greenvale - Bulla",1929,0,32,13,5,6,0,0,3,0,0,0,0,4,0,3,0,0,0,0,250,21,0,13,0,0,0,0,4,0,0,42,3,3,22,0,60
8,59,14,7,66,119,0,10,0,0,3601,0,0,0,7,0,0,71,3,0,5,4,10,3,8,0,0,3,0,3,0,0,38,124,0,0,"210051250",175,6,0,32,3,272,11,12,126,7,0,"Tullamarine",4229,0,78,102,79,4,0,0,6,0,0,0,0,12,0,3,0,3,0,0,355,21,15,48,0,10,0,0,7,0,0,101,0,16,21,0,232
4,83,13,4,128,133,0,19,3,0,5890,0,0,0,33,3,0,110,12,0,43,3,10,0,3,0,0,3,0,0,0,3,199,113,0,0,"210051249",372,38,0,60,3,438,3,9,123,12,8,"Roxburgh Park - Somerton",6835,0,133,118,116,10,0,0,10,0,4,0,0,8,0,7,0,0,5,0,428,113,16,106,0,15,0,0,0,0,0,139,5,9,31,3,361
3,12,0,0,12,7,0,0,0,0,501,0,0,0,6,0,0,3,3,0,7,0,0,0,3,0,0,3,0,0,0,0,11,7,0,0,"210051445",68,5,0,30,0,28,0,3,7,3,0,"Mickleham - Yuroke",690,0,16,7,3,0,0,0,0,0,0,0,0,3,0,0,0,0,0,0,80,7,0,6,0,0,0,0,3,0,0,20,3,3,4,0,15
11,122,51,3,172,146,0,55,0,0,10409,0,3,0,0,0,0,148,37,8,0,10,35,4,11,3,0,8,0,0,5,10,21,200,6,5,"211011251",544,26,0,117,11,684,75,97,221,46,0,"Bayswater",12337,0,520,133,156,7,0,3,25,0,0,0,0,26,3,11,0,4,4,5,1144,12,42,126,3,47,0,0,25,0,0,629,8,107,29,3,609
14,78,54,17,118,348,0,34,0,0,11803,3,3,0,3,3,0,160,35,3,0,8,43,4,19,0,0,4,0,0,4,3,17,213,0,4,"211011254",433,34,0,102,3,812,35,117,222,39,0,"Knoxfield - Scoresby",13120,0,601,316,164,15,0,0,38,0,0,0,0,7,10,3,0,3,3,5,708,11,48,98,8,31,0,0,16,0,0,663,9,133,29,0,735
0,20,0,4,15,34,0,0,0,0,1111,0,0,0,3,3,0,17,3,0,3,0,0,0,0,0,0,0,0,0,0,0,19,10,0,0,"210051441",108,3,0,14,0,61,0,0,10,3,0,"Craigieburn - Central",1340,0,28,21,20,6,0,3,0,0,0,0,0,0,0,3,0,0,0,0,88,6,0,16,0,0,0,0,0,0,0,27,0,3,7,0,50
0,13,7,0,13,30,0,0,0,0,954,0,0,0,9,3,0,17,0,3,3,0,3,0,5,0,0,0,0,0,0,0,17,9,0,0,"210051442",142,12,0,28,3,65,0,0,11,4,0,"Craigieburn - North",1262,0,14,18,21,6,5,6,3,0,0,0,0,3,0,0,0,0,0,0,121,8,3,11,0,0,0,0,0,0,0,18,0,3,14,0,39
3,32,9,6,26,49,0,3,0,0,1491,0,0,0,12,0,0,22,0,0,8,0,4,0,3,0,0,3,0,0,0,0,43,6,0,0,"210051444",175,14,0,23,6,89,0,4,6,3,3,"Craigieburn - West",1860,0,16,38,22,6,0,0,4,0,0,0,0,0,3,0,0,0,0,0,142,18,9,22,0,3,0,0,3,0,0,24,0,6,6,3,57
6,42,7,12,64,113,0,9,0,0,2802,0,0,0,20,0,0,64,8,3,4,3,4,3,6,0,0,7,0,0,0,4,58,33,0,0,"210051443",262,19,0,40,7,205,5,17,38,8,3,"Craigieburn - South",3485,0,80,87,67,13,0,0,8,0,0,0,0,10,0,0,0,0,0,0,336,32,7,45,0,6,0,0,3,0,0,92,4,18,20,0,166
0,18,4,9,18,67,0,23,0,0,1798,5,0,0,0,3,0,24,4,0,0,0,8,0,0,6,0,0,0,0,0,5,3,23,0,0,"211011258",196,10,0,42,0,153,7,15,24,9,0,"Rowville - South",2289,0,76,50,25,4,0,0,4,0,0,3,0,0,5,0,0,0,0,0,228,3,4,15,0,7,0,0,7,0,0,103,4,25,22,0,119
13,25,6,8,44,64,0,7,0,0,3624,3,0,0,0,0,0,77,25,3,0,0,17,0,14,0,0,6,0,0,0,3,0,27,0,0,"211011259",317,15,0,48,0,179,15,34,38,23,0,"Wantirna",4299,0,176,55,76,4,0,3,8,3,0,0,0,3,3,9,0,0,0,3,279,0,7,35,0,8,0,0,14,4,0,219,0,43,13,0,151
0,8,0,3,9,10,0,4,0,0,397,0,0,0,0,0,0,0,0,0,0,0,0,0,0,0,0,0,0,0,0,0,0,5,0,0,"211011255",110,3,0,27,4,30,5,4,3,0,0,"Lysterfield",676,0,10,3,3,4,0,0,0,0,0,0,0,3,0,0,0,0,0,0,134,0,0,3,0,3,0,0,3,0,0,22,0,4,6,0,21
4,34,5,13,33,80,0,13,0,0,2459,3,3,0,0,3,0,15,3,0,0,3,5,0,4,0,0,0,0,0,3,4,3,39,0,0,"211011257",169,3,0,33,5,204,11,27,43,11,0,"Rowville - North",2981,0,116,61,15,10,0,0,4,0,0,0,0,3,0,3,0,0,0,0,289,3,4,23,0,6,0,0,7,0,0,137,0,28,14,0,176
5,35,12,3,27,116,0,15,0,0,4043,0,3,0,0,0,0,40,14,4,0,4,19,0,5,8,0,0,0,3,0,3,3,57,0,0,"211011256",292,15,0,74,0,246,9,45,72,17,0,"Rowville - Central",4763,0,181,104,45,9,0,3,13,0,0,0,0,5,7,3,0,0,3,3,320,3,12,20,4,8,0,0,17,0,0,218,3,49,23,6,199
7,52,31,15,69,136,0,18,0,0,5153,4,7,0,0,0,0,56,14,0,0,5,19,0,10,3,3,7,0,0,3,3,0,73,10,0,"211011446",574,27,0,85,6,300,26,44,91,14,0,"Boronia",6433,0,275,114,61,9,0,0,14,0,0,0,0,4,8,15,0,3,0,3,570,0,26,45,5,14,0,0,35,0,0,348,5,60,21,0,246
4,19,9,3,30,34,0,9,0,0,1842,4,0,0,0,0,0,16,9,0,0,3,13,0,4,0,0,3,0,0,0,0,0,10,3,0,"211011447",314,13,0,62,4,111,15,16,14,9,0,"Ferntree Gully (North)",2490,0,98,36,16,0,0,0,6,0,0,0,0,0,7,3,0,0,0,3,253,0,5,21,3,5,0,0,20,0,0,140,9,25,12,0,75
8,41,13,3,45,72,0,18,0,0,4594,0,3,0,0,0,3,65,12,0,0,3,10,0,11,3,0,7,0,0,0,0,4,13,0,0,"211011448",412,19,0,82,0,206,22,37,18,13,0,"Ferntree Gully (South) - Upper Ferntree Gully",5570,0,255,63,65,6,0,0,6,0,0,0,0,3,3,7,0,0,3,9,437,4,15,32,3,17,0,0,27,3,0,312,3,44,17,0,164
16,32,19,0,51,64,0,11,0,4,4487,0,0,0,0,0,0,47,14,0,0,0,18,0,15,0,0,6,0,0,0,5,0,14,0,3,"211031267",456,23,0,73,0,215,27,46,22,14,0,"Ringwood East",5420,0,243,63,47,4,0,0,18,0,3,0,0,8,3,0,0,0,0,3,368,0,9,37,0,8,0,0,17,3,0,289,6,53,13,0,175
5,18,3,3,16,16,0,7,0,0,955,0,0,0,0,0,0,17,0,0,0,0,3,0,5,0,0,4,0,0,0,0,0,7,0,0,"211031268",212,10,0,47,0,53,8,7,8,0,0,"Ringwood North",1443,0,28,15,14,0,0,0,3,0,0,0,0,0,6,0,0,0,0,3,219,0,3,8,0,4,0,0,6,0,0,51,4,10,4,0,31
0,4,3,0,4,9,0,0,0,0,291,0,0,0,0,0,0,0,0,0,0,0,0,0,0,0,0,0,0,0,0,0,0,0,0,0,"211011449",88,3,0,17,0,19,7,0,0,0,0,"The Basin",474,0,21,6,0,0,0,0,0,0,0,0,0,0,0,0,0,0,0,0,79,0,0,4,0,0,0,0,6,0,0,32,3,0,3,0,10
0,21,3,0,24,27,0,3,0,0,1612,0,0,0,0,0,3,20,8,0,0,0,10,0,3,0,0,0,3,0,0,0,0,3,0,0,"211021261",328,15,0,83,0,97,26,20,6,12,0,"Donvale - Park Orchards",2436,0,54,23,21,0,0,0,8,0,0,0,0,0,3,5,0,0,0,3,402,0,3,19,4,3,0,0,17,0,0,99,3,28,18,0,60
0,18,13,0,22,11,0,0,0,0,1394,0,3,0,0,0,0,3,4,0,0,0,8,0,0,0,0,4,0,0,0,0,0,8,0,0,"211021262",285,10,0,76,0,53,28,12,12,7,0,"Warrandyte - Wonga Park",2172,0,56,13,3,4,0,0,8,0,0,0,0,0,3,0,0,0,0,4,395,0,10,9,3,0,0,0,21,0,0,114,3,27,10,0,27
13,40,13,0,50,97,0,12,0,0,4293,3,0,0,0,0,0,68,26,0,4,0,15,0,13,0,0,5,0,0,3,4,6,66,0,0,"211041269",251,8,0,47,0,219,6,43,87,29,0,"Forest Hill",4885,0,163,97,70,3,0,3,11,0,4,0,0,3,0,16,0,0,0,0,259,3,13,40,4,13,0,0,4,3,0,173,4,45,13,0,194
3,38,17,3,56,25,0,10,0,0,3215,0,0,0,0,0,0,16,0,0,0,3,14,0,3,0,0,6,0,3,3,3,3,19,0,0,"211031450",414,20,0,71,0,132,37,17,32,5,0,"Croydon - East",4121,0,168,25,20,4,0,0,7,0,0,0,0,3,3,9,0,0,0,5,382,3,11,42,5,3,0,0,21,7,0,227,3,17,12,0,100
0,27,3,3,36,26,0,8,0,0,2161,0,0,0,0,0,0,18,3,0,0,5,8,0,0,0,0,7,0,0,0,0,3,3,0,0,"211031451",291,14,0,61,3,101,13,28,12,3,0,"Croydon - West",2804,0,96,20,18,3,0,0,4,0,0,0,0,0,9,7,0,3,0,0,262,0,6,23,3,3,0,0,21,0,0,131,3,35,14,3,65
6,47,25,7,58,76,0,27,0,0,4818,3,0,0,0,3,4,38,22,0,0,4,25,0,6,0,0,4,0,3,3,5,7,78,6,0,"211041270",423,25,0,100,0,262,20,47,95,21,0,"Mitcham (Vic.)",6018,0,199,57,34,3,0,0,19,0,0,0,0,6,7,5,0,3,0,6,632,9,13,47,0,20,0,0,23,0,0,249,0,50,36,0,199
3,18,3,0,22,11,0,0,0,0,989,0,3,0,0,0,0,13,0,0,0,0,8,0,3,0,0,3,0,0,0,0,0,5,0,0,"211051280",197,4,0,36,0,32,13,3,6,0,0,"Montrose",1386,0,52,7,13,0,0,0,8,0,0,0,0,0,0,0,0,0,0,0,155,0,0,15,0,0,0,0,16,0,0,80,0,6,3,0,25
8,84,9,5,112,78,0,23,0,0,7769,3,3,0,0,0,0,98,15,0,0,10,34,0,8,3,0,5,0,0,0,0,7,69,0,0,"211031263",377,10,0,94,7,511,57,54,75,16,0,"Bayswater North",9116,0,392,68,102,3,0,0,31,0,3,0,0,4,8,3,0,0,0,7,789,9,10,93,5,18,0,0,25,0,0,481,0,67,36,3,463
0,18,0,5,22,18,0,8,0,0,1384,0,0,0,0,0,0,6,3,0,0,0,13,0,3,0,0,3,0,0,0,3,0,10,0,0,"211051274",345,17,0,58,0,72,15,7,14,3,0,"Belgrave - Selby",2048,0,73,14,11,0,0,0,3,0,0,0,0,0,3,4,0,3,0,9,245,0,0,21,3,7,3,0,30,5,0,129,6,12,14,0,30
4,25,7,0,24,32,0,5,0,0,2097,0,0,0,0,0,0,19,7,0,0,3,8,0,5,3,0,0,0,0,0,0,3,25,0,0,"211041272",256,12,0,51,0,107,8,16,28,5,0,"Vermont",2701,0,70,29,21,0,0,0,5,0,0,0,0,0,0,3,0,0,0,0,271,0,8,13,0,3,0,0,14,3,0,99,0,13,14,4,84
3,19,5,0,24,67,0,9,0,0,2053,3,0,0,3,0,0,21,14,3,0,0,4,0,3,3,0,0,0,0,0,3,3,21,0,0,"211041273",233,16,0,56,0,122,3,13,34,16,0,"Vermont South",2549,0,81,57,21,10,0,0,4,0,0,0,0,0,0,9,0,0,0,0,191,0,9,19,5,8,0,0,12,0,0,96,4,23,11,0,95
0,17,3,3,32,6,0,4,0,0,1497,0,0,0,0,0,0,3,0,3,0,4,5,0,0,0,0,8,0,0,0,0,0,9,0,0,"211051279",260,14,0,72,0,63,17,10,11,4,0,"Monbulk - Silvan",2114,0,86,3,8,0,0,0,5,0,0,0,0,0,0,0,0,0,4,9,270,0,3,22,0,3,0,0,17,0,0,122,0,5,0,0,46
0,37,4,0,27,18,0,3,0,0,2541,0,0,0,0,0,4,14,5,0,0,0,13,0,0,0,0,5,0,0,0,0,3,6,0,0,"211051281",484,26,0,65,0,113,28,14,10,5,0,"Mooroolbark",3446,0,120,18,17,4,0,0,8,0,0,0,0,0,0,0,0,0,0,0,320,3,0,20,3,0,0,0,39,3,0,196,0,21,14,3,78
0,15,4,0,21,3,0,0,0,0,1358,0,3,0,3,0,0,3,3,0,0,4,17,0,0,3,0,4,0,0,0,0,3,0,0,0,"211051282",357,16,0,81,0,75,28,5,0,0,0,"Mount Dandenong - Olinda",2080,0,65,3,4,0,0,0,11,0,0,0,0,0,3,0,0,4,0,6,271,0,4,14,3,0,0,0,30,0,0,133,4,13,16,0,35
3,39,22,3,71,86,0,18,0,0,5569,0,0,0,3,0,0,69,24,0,0,3,25,0,9,0,0,3,0,0,0,3,3,60,4,0,"211041271",323,24,0,58,0,330,19,48,68,27,0,"Nunawading",6480,0,196,83,70,0,0,0,21,3,0,0,0,3,0,5,0,0,5,3,490,0,18,58,7,12,0,0,15,0,0,228,3,49,15,0,285
0,37,0,3,33,25,0,3,0,0,2894,0,3,0,0,0,0,20,7,0,0,3,8,0,0,0,0,0,0,0,0,3,0,17,0,0,"211051275",211,9,0,44,0,102,10,30,17,7,0,"Chirnside Park",3432,0,124,20,20,0,0,0,8,0,0,0,0,3,0,0,0,0,0,4,240,0,0,24,0,3,0,0,17,0,0,160,0,36,8,0,90
0,79,11,0,102,7,0,0,0,0,3029,0,3,0,0,0,0,25,6,0,0,3,14,0,3,0,0,16,0,0,0,0,0,3,0,0,"211051276",471,3,0,144,0,68,23,17,6,6,0,"Healesville - Yarra Glen",4149,0,137,7,25,0,0,0,3,0,0,0,0,14,0,0,0,5,3,9,429,0,6,68,3,0,0,0,42,3,0,227,9,17,10,0,49
7,38,22,0,58,38,0,11,0,0,3188,0,0,0,0,0,0,38,3,0,0,3,10,0,7,0,0,7,0,0,0,0,0,39,0,0,"211051277",229,11,0,56,3,269,15,21,45,4,0,"Kilsyth",3737,0,140,41,42,0,0,0,10,0,0,0,0,0,6,0,0,0,0,0,228,0,22,47,0,11,0,0,13,0,0,174,3,33,10,0,238
8,100,16,10,136,51,0,16,0,0,7646,0,0,0,0,0,0,45,7,0,0,3,32,0,8,0,0,3,0,0,3,3,3,31,0,0,"211051278",580,10,0,135,0,200,52,37,36,13,0,"Lilydale - Coldstream",9173,0,432,50,47,0,0,0,33,0,0,0,0,16,10,4,0,0,7,8,705,3,14,109,3,16,0,0,42,0,0,540,0,45,18,0,173
7,37,6,3,49,73,0,5,0,0,2784,0,3,0,0,3,0,10,7,0,0,0,7,0,9,0,0,8,0,0,0,0,5,4,0,0,"212011291",297,18,0,39,3,130,12,20,13,9,0,"Pakenham - North",3429,0,137,60,10,3,0,0,6,0,0,0,0,4,0,3,0,3,0,3,263,3,0,42,0,5,0,0,18,0,0,173,0,24,14,0,97
7,29,7,9,27,132,0,13,0,0,2257,0,0,0,5,0,0,35,0,0,0,3,5,0,5,0,0,4,0,0,0,3,4,13,0,3,"212031306",234,47,0,30,3,259,5,15,20,3,0,"Lynbrook - Lyndhurst",2753,0,91,89,41,30,0,0,3,0,0,0,0,3,0,3,0,0,0,0,199,0,3,20,3,5,0,0,7,0,0,102,10,15,21,3,180
0,33,14,0,40,6,0,0,0,0,1214,0,0,0,0,0,0,4,3,0,0,4,3,0,0,0,0,3,0,0,0,0,0,33,0,0,"212031308",241,4,0,68,3,138,6,0,30,3,0,"Pearcedale - Tooradin",1782,0,45,6,4,0,0,0,0,0,0,0,0,9,0,0,0,0,3,3,225,0,12,19,0,0,0,0,21,0,0,77,3,3,7,0,118
0,22,0,0,20,6,0,3,0,0,1352,0,3,0,0,0,0,6,0,0,0,0,9,0,0,0,0,0,0,0,0,0,0,3,0,0,"211051283",256,8,0,44,0,37,12,4,3,0,0,"Mount Evelyn",1852,0,59,3,6,3,0,0,9,0,0,0,0,0,0,0,0,0,0,3,174,0,0,10,0,0,0,0,15,0,0,88,3,8,6,0,26
0,16,3,8,21,68,0,21,0,0,1309,12,0,0,0,3,0,0,10,0,0,3,6,0,0,0,0,4,0,0,0,0,6,10,0,0,"212021454",217,25,0,25,4,148,8,8,17,14,0,"Endeavour Hills - South",1693,0,49,47,0,20,0,0,3,0,0,3,0,0,0,9,0,0,0,0,130,6,3,13,0,7,0,0,7,0,0,66,0,12,15,0,92
0,10,0,0,11,3,0,0,0,0,842,0,0,0,0,0,0,0,3,0,0,0,9,0,0,0,0,0,0,0,0,0,0,7,0,0,"211051284",311,18,0,45,0,45,17,0,7,3,0,"Upwey - Tecoma",1397,0,51,3,0,0,0,0,4,0,0,0,0,0,0,0,0,0,0,3,188,0,0,8,0,0,0,0,28,3,0,91,0,6,7,0,23
0,15,3,0,39,3,0,0,0,0,965,0,3,0,0,0,0,0,0,0,0,3,4,0,0,0,0,4,0,0,0,0,0,3,0,0,"211051285",235,3,0,91,0,47,7,0,5,0,0,"Wandin - Seville",1542,0,18,0,0,0,0,0,0,0,0,0,0,7,0,0,0,0,4,0,248,0,3,22,0,0,0,0,11,0,0,44,3,0,3,0,37
0,57,3,0,84,10,0,4,0,0,2145,0,3,0,0,3,0,6,0,0,0,6,10,0,0,0,0,15,0,0,0,3,0,9,3,0,"211051286",460,10,0,122,0,57,18,8,11,0,0,"Yarra Valley",3088,0,108,3,5,3,0,0,10,0,0,0,0,4,0,0,0,0,0,6,309,0,3,54,0,3,0,0,35,0,0,169,5,12,0,0,45
5,26,9,3,58,72,0,6,0,0,3165,0,3,0,0,0,0,17,11,0,0,0,11,0,4,0,0,3,0,0,0,6,0,10,0,0,"212011287",309,18,0,62,0,168,21,21,20,11,0,"Beaconsfield - Officer",3952,0,152,59,18,4,0,0,11,0,0,0,0,3,0,0,0,3,0,3,386,0,6,47,3,3,0,0,21,3,0,205,3,28,28,0,117
0,38,0,0,44,3,0,4,0,0,1361,4,0,0,0,0,0,17,3,0,0,6,0,0,0,0,0,11,0,0,0,0,0,5,0,0,"212011288",328,6,0,107,0,49,17,10,3,3,0,"Bunyip - Garfield",2104,0,50,3,14,0,0,0,0,0,0,0,0,7,0,0,0,0,6,7,275,0,0,21,3,3,0,0,15,0,0,83,0,19,3,0,36
0,46,13,0,41,19,0,9,0,0,1846,4,3,0,0,0,0,10,0,0,0,3,13,0,0,3,0,4,0,0,0,0,0,0,3,0,"212011289",495,8,0,120,3,67,27,8,0,4,0,"Emerald - Cockatoo",2966,0,101,12,6,3,0,0,4,0,0,0,0,13,5,0,0,3,0,9,462,0,9,22,3,3,0,0,46,8,0,184,3,20,14,0,39
0,46,0,0,52,10,0,0,0,0,1575,0,0,0,0,0,0,4,0,0,0,3,3,0,0,0,0,10,0,0,0,0,0,5,0,0,"212011290",295,3,0,127,0,64,13,9,9,0,0,"Koo Wee Rup",2255,0,62,11,3,0,0,0,3,0,0,0,0,8,3,0,0,0,0,0,208,0,0,31,0,0,0,0,12,0,0,86,0,7,8,0,50
7,100,22,13,115,155,0,7,0,0,6923,0,0,0,0,5,0,53,4,3,0,5,18,0,8,0,3,7,0,3,0,3,9,19,3,4,"212011292",601,49,0,119,9,434,53,37,29,3,3,"Pakenham - South",8463,0,337,128,63,6,0,3,15,0,0,0,0,10,0,0,0,3,3,3,723,3,12,91,3,6,0,0,33,0,0,426,11,42,44,4,317
35,63,42,16,83,236,0,22,0,0,6720,0,0,0,0,4,0,93,31,0,0,5,39,4,40,0,0,3,0,0,3,3,0,18,7,5,"212021293",621,38,0,107,0,384,48,69,29,34,0,"Berwick - North",8200,0,376,196,100,23,0,3,32,0,0,0,0,3,5,5,0,3,0,10,686,0,27,66,0,16,0,0,42,3,0,479,12,84,32,3,304
0,39,7,18,31,153,0,7,0,0,2194,3,0,0,0,3,5,20,3,3,0,4,9,3,3,0,0,9,0,0,0,0,3,6,0,0,"212021294",444,47,0,78,6,180,15,29,9,7,0,"Berwick - South",3063,0,100,90,32,39,0,5,11,0,0,0,0,0,3,0,0,0,0,4,309,3,3,16,4,7,0,0,19,0,0,139,4,45,27,6,98
7,26,4,10,27,68,0,7,0,0,1486,0,0,0,0,0,0,22,6,0,4,0,4,0,6,4,0,3,0,0,0,3,7,17,0,0,"212021295",146,50,0,26,9,263,3,11,26,6,0,"Doveton",1824,0,67,50,24,3,0,0,3,0,0,0,0,0,0,3,0,0,0,0,136,6,4,17,0,3,0,0,3,0,0,71,5,11,23,0,171
13,93,29,26,145,323,0,40,0,0,9078,0,4,0,3,4,0,130,21,0,0,16,21,0,13,3,0,8,0,0,0,4,20,129,5,3,"212021297",443,79,0,115,12,960,62,91,147,21,3,"Hallam",10642,0,419,272,140,20,0,0,22,5,3,0,0,10,4,11,0,0,5,6,916,19,20,109,0,31,0,0,16,0,0,510,13,99,83,5,773
0,9,3,3,11,37,0,10,0,0,623,3,0,0,0,5,0,7,0,3,0,3,3,0,0,3,0,3,0,0,0,0,0,3,3,0,"212021455",207,34,0,28,3,90,4,3,3,4,0,"Narre Warren - North East",977,0,34,19,3,11,0,0,0,0,0,0,0,0,0,3,0,0,0,0,115,0,0,4,0,3,0,0,7,0,0,44,0,4,21,0,34
7,83,26,20,108,343,0,23,0,0,9275,0,5,0,6,4,0,114,14,0,3,3,27,5,4,0,0,0,0,3,0,9,22,59,3,0,"212021456",379,41,0,89,8,642,24,68,73,19,0,"Narre Warren - South West",10341,0,393,289,121,23,0,3,29,0,0,0,0,9,6,5,0,0,0,3,515,11,21,93,0,22,0,0,17,4,0,441,3,77,53,3,539
0,18,3,15,21,73,0,8,0,0,1202,4,0,0,0,3,0,18,6,0,0,0,7,0,0,0,3,3,0,0,0,0,0,16,0,0,"212031302",268,43,0,38,3,168,3,14,22,11,0,"Cranbourne North",1714,0,37,22,25,29,0,3,6,0,0,0,0,0,0,0,0,0,0,0,178,0,0,12,0,0,0,0,13,0,0,52,4,20,29,0,88
0,29,18,0,39,23,0,3,0,0,1554,0,0,0,0,0,0,23,0,0,0,3,3,0,0,0,0,5,0,4,0,3,0,98,0,0,"212031303",234,5,0,89,3,166,15,4,102,0,0,"Cranbourne South",2203,0,56,23,23,0,0,0,3,0,0,0,0,4,0,0,0,0,0,6,293,0,21,28,0,3,0,0,19,0,0,91,0,9,10,0,143
0,12,0,7,16,22,0,4,0,0,699,0,0,0,0,0,0,4,0,0,0,0,0,0,0,0,0,5,0,0,0,0,0,4,0,0,"212031304",167,26,0,27,3,109,0,0,10,0,0,"Cranbourne West",1036,0,38,10,5,9,0,3,3,0,0,0,0,0,0,4,0,0,0,0,119,0,0,14,0,0,0,0,8,0,0,45,3,3,14,0,66
0,16,0,6,16,33,0,6,0,0,795,0,0,0,0,0,0,9,0,0,0,3,3,3,0,0,0,0,0,0,0,0,3,3,0,0,"212031457",186,20,0,24,3,97,8,9,5,0,0,"Narre Warren South (East)",1203,0,36,17,10,7,0,3,3,0,0,0,0,3,5,0,0,0,0,0,180,0,0,4,3,8,0,0,7,0,0,53,3,16,20,0,55
0,13,4,13,15,59,0,3,0,0,972,0,0,0,0,3,0,6,3,0,0,0,7,3,0,0,0,0,0,0,4,0,0,3,3,0,"212031458",224,50,0,45,3,149,6,11,4,9,0,"Narre Warren South (West)",1380,0,27,30,11,14,0,3,0,0,0,0,0,0,3,3,0,3,3,0,126,0,4,11,0,3,0,0,6,0,0,43,7,12,14,0,77
3,54,24,13,76,146,0,24,0,0,4805,5,0,0,4,8,0,85,7,0,0,5,12,0,3,5,0,0,0,8,0,22,8,224,4,0,"212041310",357,43,0,78,10,563,11,31,277,8,0,"Clayton South",5787,0,194,111,89,16,0,3,11,0,9,0,0,5,7,25,0,0,0,0,493,9,17,66,0,15,0,0,11,0,0,217,9,43,45,4,462
108,682,173,150,892,2409,0,294,3,0,59183,25,24,4,27,18,3,1221,149,6,13,62,138,18,116,35,10,27,0,25,8,62,205,1514,4,3,"212041311",1726,361,0,443,102,7251,166,466,1648,160,6,"Dandenong",65689,0,2647,2136,1244,89,0,9,127,4,17,0,0,55,37,37,0,8,13,12,3655,158,160,728,13,230,3,3,59,3,0,2910,82,522,414,10,6295
4,27,0,23,24,134,0,9,0,0,1518,3,4,0,0,3,0,26,5,0,4,0,6,4,4,3,0,3,0,0,0,8,9,30,0,0,"212041312",283,53,0,42,9,285,7,7,45,5,0,"Dandenong North",2082,0,50,74,32,32,0,6,4,0,0,0,0,0,3,10,0,0,0,0,212,4,0,20,0,6,0,0,11,0,0,70,8,10,30,0,179
0,23,6,0,16,28,0,5,0,0,1558,0,0,0,0,0,0,4,6,0,3,0,3,0,3,3,0,3,0,3,0,5,4,30,3,0,"212041313",192,8,0,29,0,142,5,19,49,6,0,"Dingley Village",1994,0,61,30,4,3,0,0,0,0,0,0,0,0,0,5,0,0,0,0,185,4,4,11,0,3,0,0,6,0,0,82,0,21,7,0,124
0,69,6,0,54,26,0,5,0,0,1836,0,0,0,3,0,0,37,5,0,0,10,12,0,3,0,0,6,0,16,0,64,10,319,0,0,"213011334",273,34,0,57,7,281,0,5,506,5,0,"St Albans - North",2469,0,24,24,42,5,0,0,9,0,24,0,0,0,0,85,5,0,3,0,242,9,4,32,0,7,0,0,3,0,0,26,0,10,32,3,206
3,20,3,8,25,79,0,7,0,0,1290,0,0,0,5,3,0,41,3,0,0,3,3,0,3,0,0,0,0,0,0,5,12,45,0,0,"212041459",179,45,0,31,3,215,0,6,65,3,0,"Noble Park - East",1637,0,42,60,40,12,0,0,3,0,3,0,0,3,0,12,0,0,0,0,124,4,3,16,0,10,0,0,0,0,0,41,4,6,24,0,143
14,112,41,27,117,344,0,35,0,0,8778,4,3,0,8,4,0,133,27,3,7,0,36,0,14,6,0,13,0,6,3,30,57,372,0,0,"212041314",510,80,0,115,23,1094,25,55,453,33,0,"Keysborough",10236,0,345,288,139,22,0,4,31,0,3,0,0,9,8,54,0,6,3,3,714,42,38,93,3,22,0,0,5,0,0,383,14,72,69,3,905
3,34,7,9,43,119,0,22,0,0,3738,0,0,0,0,4,0,45,15,0,0,3,14,3,3,0,0,0,0,0,0,3,5,126,0,0,"212041316",145,28,0,25,3,401,11,41,135,14,0,"Noble Park North",4097,0,161,88,48,14,0,0,14,0,0,0,0,3,0,5,0,0,0,0,158,3,3,35,0,22,0,0,0,0,0,172,7,36,14,0,349
6,94,53,19,145,271,0,28,0,0,8075,0,4,0,9,0,0,110,37,0,0,8,16,6,6,0,0,7,0,13,0,171,48,867,9,8,"212041317",596,97,0,167,19,1046,12,65,1309,35,4,"Springvale",9710,0,219,232,118,4,0,9,14,0,53,0,0,9,7,211,0,0,3,0,778,32,35,115,3,29,0,0,7,0,0,247,21,73,93,3,817
3,16,10,7,17,29,0,7,0,0,853,0,0,0,0,0,0,21,0,0,0,0,4,0,3,0,0,4,0,0,3,21,8,109,0,4,"212041318",130,24,0,21,7,154,5,7,195,0,0,"Springvale South",1129,0,26,19,21,3,0,0,4,0,7,0,0,0,0,50,0,0,0,0,104,3,4,10,0,4,0,0,0,0,0,24,10,4,17,0,99
3,27,7,22,22,127,0,13,0,0,1634,5,0,0,0,3,0,38,5,0,4,3,5,4,3,0,0,4,0,0,0,19,8,77,0,0,"212041460",254,51,0,47,4,307,5,14,144,9,0,"Noble Park - West",2117,0,45,84,35,15,0,0,5,0,8,0,0,0,0,36,0,0,0,0,161,5,5,11,0,12,0,0,3,0,0,53,11,16,28,0,209
11,53,14,3,45,148,0,21,0,0,3999,7,4,0,0,0,0,52,17,5,0,0,14,3,11,4,0,5,0,0,3,5,6,43,3,0,"212051319",385,36,0,59,7,297,8,35,52,24,0,"Ashwood - Chadstone",4901,0,159,127,54,7,0,0,12,4,0,0,0,0,5,0,0,0,0,3,406,4,8,34,7,13,0,0,17,4,0,187,5,46,25,3,230
65,220,91,23,290,985,0,146,0,0,32021,8,8,0,0,3,0,473,208,3,0,18,185,7,70,3,3,7,0,4,9,12,46,531,3,0,"212051320",690,66,0,145,27,2646,45,303,577,222,0,"Clayton",34203,0,1482,939,480,17,0,0,184,0,8,0,0,20,7,22,0,0,3,3,1120,43,86,246,3,131,0,0,30,0,0,1573,9,318,80,7,2462
3,25,8,10,42,144,0,13,0,0,3458,0,0,0,0,9,4,48,24,10,0,3,19,0,6,0,0,0,0,0,3,7,7,52,0,0,"212051321",353,33,0,99,0,226,11,43,65,41,0,"Glen Waverley - East",4302,0,168,107,56,16,0,0,9,0,0,0,0,0,8,8,0,5,0,0,371,4,5,34,3,11,0,0,8,3,0,187,8,53,21,4,169
14,65,37,22,87,360,0,24,0,0,7811,0,4,0,4,8,0,94,58,3,5,7,42,0,14,0,3,6,0,0,4,25,15,126,4,0,"212051322",451,25,0,127,4,439,14,75,163,72,0,"Glen Waverley - West",9072,0,291,293,95,35,0,0,35,0,5,0,0,9,7,8,0,0,0,0,617,7,28,61,7,18,0,0,14,3,0,319,3,84,44,5,364
0,25,3,4,26,27,0,0,0,0,1392,0,0,0,0,0,0,99,0,0,0,6,4,0,0,0,0,0,0,0,0,0,7,12,0,0,"213011339",156,23,0,22,0,126,0,8,14,0,0,"Sydenham",1702,0,39,19,101,3,0,3,7,0,0,0,0,0,0,4,0,0,0,0,112,4,0,18,0,0,0,0,5,0,0,47,4,12,7,0,89
5,16,5,14,14,71,0,12,0,0,1492,3,5,0,0,4,0,11,9,0,0,0,10,0,5,3,0,0,0,0,4,3,8,23,0,3,"212051323",302,15,0,68,0,106,10,7,27,18,0,"Mount Waverley - North",2173,0,38,49,14,7,0,0,11,0,3,0,0,0,0,3,0,0,0,0,297,0,4,9,0,3,0,0,8,0,0,62,7,13,15,0,73
16,93,42,27,110,363,0,54,0,0,11593,10,6,0,3,4,0,112,74,0,0,3,54,0,16,0,0,7,0,3,4,14,23,200,0,4,"212051324",571,39,0,123,9,722,38,116,237,80,0,"Mount Waverley - South",13280,0,500,309,120,22,0,0,38,0,4,0,3,5,12,12,0,6,0,0,891,21,36,92,3,44,0,0,19,3,0,557,3,129,42,3,628
42,150,65,35,208,668,0,78,0,0,19600,5,7,0,5,9,0,323,72,0,5,7,67,9,44,5,3,8,0,12,0,28,38,368,0,0,"212051325",528,48,0,112,10,1427,38,214,425,80,0,"Mulgrave",21214,0,935,582,330,20,0,0,72,0,3,0,0,11,10,21,0,0,0,3,826,29,62,177,6,68,0,0,21,0,0,992,9,230,51,3,1308
3,71,32,0,85,49,0,20,0,0,6186,0,3,0,0,0,0,166,15,0,0,5,19,0,3,3,0,3,0,0,0,12,12,131,4,0,"213021341",353,34,0,59,8,450,21,31,152,13,0,"Altona",7057,0,276,49,165,0,0,0,13,0,0,0,0,3,3,4,0,0,0,0,387,6,23,70,0,20,0,0,20,0,0,316,9,37,35,0,370
0,28,4,3,20,15,0,10,0,0,1363,0,0,0,0,0,0,45,3,0,0,0,5,0,0,0,0,0,0,0,0,3,0,15,0,3,"213021342",216,14,0,43,3,116,0,6,28,3,0,"Altona Meadows",1796,0,30,6,53,3,0,5,3,0,0,0,0,0,4,9,0,0,0,3,145,0,0,16,0,4,0,0,8,0,0,48,5,11,10,0,92
13,107,34,8,101,257,0,58,0,0,9223,10,4,0,7,3,0,120,31,3,0,11,36,0,14,4,0,9,0,0,0,10,22,218,7,3,"212051326",678,57,0,163,15,915,19,84,252,34,0,"Oakleigh - Huntingdale",11211,0,268,232,125,15,0,3,29,3,7,3,0,9,13,21,0,0,3,0,1049,19,25,81,6,44,0,0,13,0,0,308,19,111,85,3,747
5,20,7,17,31,161,0,17,0,0,3081,3,0,0,3,3,0,44,20,3,3,0,21,0,5,3,0,3,0,0,5,7,10,26,0,0,"212051327",354,26,0,113,0,218,21,27,50,31,0,"Wheelers Hill",4011,0,100,122,44,13,0,0,13,0,0,0,0,0,8,12,0,0,0,3,442,3,4,25,7,11,0,0,17,3,0,149,6,41,23,0,152
3,13,3,3,19,19,0,12,0,0,1233,3,0,0,0,0,0,51,0,0,0,0,0,0,3,0,0,3,0,3,0,7,4,112,0,0,"213011328",99,13,0,13,0,153,0,6,128,0,0,"Ardeer - Albion",1441,0,37,15,50,3,0,0,0,0,0,0,0,0,0,13,0,0,0,0,83,3,3,19,0,10,0,0,3,0,0,38,5,6,17,3,122
0,8,3,0,14,6,0,3,0,0,469,3,0,0,0,0,0,32,0,0,0,0,3,0,0,0,3,0,0,0,0,17,3,59,0,0,"213011329",138,23,0,18,0,82,0,3,121,0,0,"Cairnlea",716,0,7,3,44,0,0,3,3,0,4,0,0,0,0,38,0,0,0,0,80,3,0,14,0,0,0,0,0,0,0,13,0,3,11,5,45
0,22,4,3,29,25,0,12,0,0,1561,0,0,0,0,0,0,29,7,0,0,3,8,0,0,3,0,10,0,0,0,11,9,49,0,0,"213011332",163,15,0,37,4,132,3,4,85,7,0,"Keilor Downs",1930,0,34,18,27,0,0,0,6,0,7,0,0,6,0,14,0,0,0,0,155,10,3,20,0,7,0,0,0,0,0,36,4,5,17,0,89
0,19,0,6,22,7,0,9,0,0,489,3,0,0,0,0,0,7,0,0,0,6,3,0,0,3,0,6,0,0,0,14,3,30,0,0,"213011333",112,15,0,23,5,81,0,3,59,0,0,"Kings Park (Vic.)",713,0,7,0,15,3,0,3,3,0,6,0,0,3,0,12,5,0,0,0,72,0,0,8,0,0,0,0,3,0,0,11,3,3,4,3,47
16,149,51,12,203,162,0,37,0,0,11476,0,0,0,3,0,0,319,21,0,7,12,21,0,14,4,0,9,0,8,0,41,32,450,0,3,"213011330",473,80,0,120,25,1158,12,54,565,24,3,"Deer Park - Derrimut",12934,0,300,140,346,9,0,11,22,0,14,0,3,14,4,48,0,0,0,3,715,22,51,165,0,33,0,0,10,0,0,323,9,60,83,8,967
0,14,0,3,9,16,0,6,0,0,573,0,0,0,0,0,0,15,0,0,0,0,3,0,0,0,0,0,0,0,0,5,7,16,0,0,"213011331",85,15,0,15,4,81,0,0,31,0,0,"Delahey",738,0,6,9,22,4,0,4,3,0,4,0,0,0,0,6,0,0,0,0,59,0,0,8,0,3,0,0,0,0,0,6,0,0,11,0,52
10,143,35,0,224,200,0,47,0,0,12365,8,3,0,3,0,0,503,28,0,0,15,28,3,13,4,0,8,0,5,0,13,52,786,0,3,"213021343",400,25,0,81,16,1141,13,42,835,26,0,"Altona North",13540,0,363,190,507,3,0,0,22,0,8,0,0,9,0,28,0,0,3,0,552,47,34,187,0,39,0,0,10,3,0,392,7,43,47,3,1047
17,70,10,0,77,54,0,12,0,0,4816,0,0,0,0,0,0,312,14,0,0,8,21,0,17,0,0,0,0,5,0,29,9,221,0,0,"213011335",200,22,0,39,8,391,3,25,335,15,0,"St Albans - South",5247,0,178,52,316,0,0,3,21,0,10,0,0,0,0,63,0,0,0,0,130,9,10,64,0,5,0,0,0,0,0,186,3,27,21,0,340
0,56,19,0,84,38,0,31,0,0,3523,3,0,0,0,0,0,120,7,0,0,10,3,0,0,0,0,4,0,7,0,81,10,384,0,3,"213011337",258,28,0,75,8,329,6,12,572,9,0,"Sunshine North",4349,0,82,35,129,0,0,4,3,0,26,0,0,12,0,73,4,0,3,0,443,10,10,52,0,27,0,0,0,0,0,87,12,12,34,3,257
0,24,3,3,14,26,0,8,0,0,1217,3,0,0,0,0,0,29,3,0,0,3,3,0,0,5,0,3,0,0,3,3,4,14,0,0,"213041360",223,34,0,45,3,145,0,4,29,6,0,"Taylors Hill",1713,0,23,16,34,7,0,3,3,0,0,0,0,3,3,9,3,0,0,0,204,0,3,7,3,0,0,0,3,0,0,27,4,8,22,0,89
0,15,0,0,11,12,0,3,0,0,417,0,0,0,0,0,0,48,0,0,3,0,4,0,0,0,0,0,0,0,0,0,5,13,0,0,"213041461",60,16,0,22,4,83,0,0,22,3,0,"Burnside",542,0,5,6,56,3,0,0,4,0,4,0,0,0,0,8,0,0,3,0,32,0,0,4,0,0,0,0,0,0,0,10,3,0,7,3,55
12,89,14,4,107,57,0,32,0,0,6650,3,0,0,0,0,0,155,14,0,3,4,18,0,16,4,4,3,0,3,0,93,24,615,0,0,"213011336",319,59,0,95,10,700,11,15,791,15,3,"Sunshine",7583,0,180,50,168,3,0,3,16,0,21,0,0,4,3,67,0,0,3,0,432,13,13,91,0,22,0,0,9,3,0,203,8,18,61,0,561
10,118,31,0,164,102,0,40,0,0,8887,6,3,0,4,0,0,316,13,0,5,13,14,4,8,3,0,6,0,5,0,43,41,592,3,0,"213011338",323,44,0,91,18,1178,20,30,707,10,0,"Sunshine West",10045,0,256,95,326,0,0,4,14,0,14,0,0,19,0,50,3,0,3,0,631,34,33,123,0,31,0,0,13,0,0,288,11,34,51,3,1055
0,45,10,3,49,44,0,22,0,0,4125,5,0,0,0,0,0,87,7,4,0,3,9,0,3,3,3,3,0,0,0,4,14,83,0,0,"213011340",273,18,0,48,3,235,0,22,101,8,3,"Taylors Lakes",4767,0,88,31,92,6,0,4,12,0,3,0,0,3,0,10,0,0,0,0,271,7,5,45,0,20,0,0,3,0,0,94,0,22,24,0,178
6,38,12,0,49,21,0,12,0,0,2899,0,3,0,0,0,0,56,13,3,0,3,14,0,6,0,0,9,0,0,0,3,7,82,3,3,"213021344",471,23,0,70,3,221,22,13,88,21,0,"Newport",3839,0,125,18,59,0,0,3,13,0,0,0,0,12,3,7,0,0,0,0,367,11,5,30,0,13,0,0,26,3,0,184,3,21,14,0,176
0,3,0,0,7,7,0,0,0,0,207,0,0,0,0,0,0,4,0,0,0,0,0,0,0,0,0,0,0,0,0,0,0,4,0,0,"213021345",66,3,0,10,0,18,0,3,11,0,0,"Seabrook",330,0,8,3,4,0,0,0,0,0,0,0,0,0,0,3,0,0,0,0,38,0,0,3,0,0,0,0,3,0,0,13,0,3,3,0,13
5,70,21,0,84,34,0,21,0,0,5155,0,3,0,0,0,0,81,12,0,0,8,28,0,3,0,0,6,0,0,4,9,15,92,3,0,"213021346",539,20,0,112,3,340,39,23,117,20,0,"Williamstown",6692,0,246,30,81,3,0,0,21,0,4,0,0,8,7,12,0,3,4,5,812,4,13,63,5,18,0,0,30,3,0,324,5,31,22,0,284
4,67,15,3,73,60,0,19,0,0,4072,3,3,0,5,0,0,124,5,0,0,5,21,0,4,0,0,3,0,9,0,30,10,347,0,0,"213031351",292,25,0,34,14,439,4,13,425,5,0,"West Footscray - Tottenham",4833,0,112,55,129,0,0,3,13,0,4,0,0,10,0,32,0,0,0,0,367,8,10,56,0,15,0,0,10,0,0,131,6,13,29,0,360
0,63,28,5,85,61,0,42,0,0,4721,3,0,0,3,0,0,136,9,3,0,3,9,3,0,0,0,4,0,9,3,79,17,457,0,4,"213031347",311,62,0,75,7,539,4,14,631,19,0,"Braybrook",5525,0,139,53,153,0,0,6,9,0,28,3,0,6,0,68,4,0,0,0,355,9,19,72,0,40,0,0,6,0,0,152,4,14,31,4,434
3,46,20,3,44,38,0,11,0,0,4182,0,0,0,4,3,0,73,15,0,0,0,12,0,3,0,0,0,0,0,3,7,4,24,3,3,"213051362",273,29,0,45,7,306,3,20,42,15,0,"Hoppers Crossing - South",4760,0,115,25,81,5,0,3,6,0,0,0,0,0,0,6,0,0,0,0,207,0,21,38,0,8,0,0,7,3,0,131,4,28,19,3,251
27,132,29,0,165,160,0,55,0,0,12478,5,0,0,11,0,0,383,45,3,0,15,58,3,27,4,0,8,0,17,3,162,36,798,4,0,"213031348",681,103,0,123,13,1263,18,51,1163,50,0,"Footscray",14087,0,482,148,394,3,0,3,52,0,32,0,0,11,0,152,0,5,5,0,673,24,28,122,0,45,0,0,9,3,0,507,18,57,58,3,1074
4,59,28,0,68,24,0,13,0,0,4067,0,0,0,0,0,0,54,10,0,0,8,23,0,7,0,0,8,0,0,3,6,6,121,9,0,"213031352",441,15,0,58,5,336,23,17,143,7,0,"Yarraville",5034,0,125,18,61,0,0,0,18,0,3,0,0,9,3,14,0,3,0,0,412,5,17,49,3,14,0,0,22,6,0,177,0,24,21,3,289
7,62,7,3,77,12,0,3,0,0,4150,0,0,0,0,0,0,25,3,0,0,3,17,0,7,0,0,8,0,3,3,0,8,41,3,0,"213041353",384,18,0,117,0,130,21,8,55,10,0,"Bacchus Marsh",5165,0,157,10,31,0,0,0,14,0,3,0,0,7,4,5,0,0,0,3,457,4,9,54,0,4,0,0,16,0,0,198,3,18,7,3,100
0,21,0,3,21,20,0,4,0,0,828,0,0,0,3,0,0,27,0,0,0,3,4,0,0,0,0,4,0,0,0,3,7,10,0,0,"213041355",255,23,0,43,3,107,3,3,22,0,0,"Hillside",1390,0,9,10,33,3,0,0,0,0,6,0,0,4,0,6,0,0,0,0,241,0,0,7,0,3,0,0,8,0,0,18,0,3,17,3,59
6,66,14,3,91,36,0,18,0,0,4876,3,0,0,3,0,0,64,11,0,0,6,12,0,8,3,0,10,0,0,0,3,11,42,3,0,"213041356",426,33,0,96,3,283,21,15,57,13,0,"Melton",5961,0,176,28,69,0,0,3,7,0,3,0,0,6,0,5,0,0,0,4,493,13,6,65,0,14,0,0,17,0,0,222,7,18,29,5,210
3,32,13,0,57,18,0,3,0,0,1970,3,0,0,0,0,0,65,3,0,0,4,4,0,8,0,0,6,0,0,0,0,3,13,3,0,"213041357",278,28,0,50,5,181,9,10,16,3,0,"Melton South",2491,0,73,14,73,7,0,0,3,0,0,0,0,5,0,3,3,0,3,0,167,0,4,39,0,0,0,0,19,0,0,102,6,13,15,0,133
6,53,19,0,83,26,0,13,0,0,5697,0,0,0,5,0,0,100,12,0,3,8,27,0,6,3,0,0,0,0,3,33,25,278,0,0,"213031349",255,30,0,59,3,363,3,15,359,18,0,"Maribyrnong",6357,0,87,27,112,0,0,3,25,0,14,0,0,5,3,33,0,0,0,4,289,22,20,70,0,9,0,0,9,0,0,103,4,16,20,3,304
0,19,16,0,21,11,0,3,0,0,963,0,0,0,0,0,0,16,0,0,0,0,8,0,0,0,0,3,0,0,0,10,3,55,0,4,"213031350",254,23,0,31,4,139,4,3,81,0,0,"Seddon - Kingsville",1429,0,22,11,25,0,0,4,0,0,4,0,0,3,0,11,0,0,0,3,162,0,8,17,0,0,0,0,12,3,0,39,5,3,8,0,108
0,3,0,5,0,16,0,0,0,0,256,0,0,0,0,0,0,3,0,0,4,0,0,0,0,0,0,0,0,0,3,4,4,7,0,0,"213041462",63,9,0,7,0,28,0,3,15,7,0,"Burnside Heights",383,0,0,12,8,3,0,3,0,0,0,0,0,0,0,0,0,0,0,0,55,0,0,0,0,0,0,0,0,0,0,0,0,3,3,0,22
3,37,28,6,43,50,0,8,0,0,2413,4,0,0,0,0,0,50,4,0,3,0,10,4,5,3,0,6,0,0,0,8,9,53,0,3,"213041463",251,36,0,65,4,243,7,13,69,5,5,"Caroline Springs",3080,0,48,32,61,5,0,4,8,0,7,0,0,9,3,3,0,0,0,5,304,5,23,22,3,5,3,0,5,0,0,66,9,15,36,7,163
0,83,21,8,84,64,0,18,0,0,5730,3,4,0,0,3,0,198,21,0,0,3,15,3,0,0,0,6,0,0,3,5,3,73,4,0,"213051361",417,56,0,116,11,463,15,18,95,25,0,"Hoppers Crossing - North",7002,0,195,41,211,3,0,5,11,0,6,0,0,7,5,7,0,4,0,10,658,4,10,64,8,16,0,0,12,0,0,231,14,26,68,3,313
16,217,65,5,294,208,0,83,0,0,17868,0,8,0,3,0,0,569,19,0,6,23,40,0,16,3,4,11,0,8,0,30,56,823,3,0,"213051363",356,40,0,96,32,1597,20,71,876,21,0,"Laverton",19320,0,639,193,588,10,0,3,36,0,3,0,0,19,0,7,0,4,6,0,781,47,62,237,0,77,0,0,7,0,0,675,11,77,71,9,1442
4,47,9,13,52,69,0,14,0,0,2766,0,0,0,0,5,0,74,11,0,4,4,3,0,4,3,0,7,0,0,0,9,5,26,0,0,"213051365",519,104,0,83,4,377,7,13,43,11,0,"Tarneit",3758,0,82,41,91,18,0,12,3,0,3,0,0,3,0,4,0,0,0,0,347,3,4,30,3,7,0,0,15,0,0,112,11,18,45,3,214
12,85,16,0,104,100,0,19,0,0,6359,0,0,0,0,0,0,280,24,5,0,4,11,0,8,3,3,8,0,0,0,3,18,186,0,0,"213051366",409,103,0,49,17,809,4,31,197,28,0,"Truganina",7202,0,187,93,305,9,0,8,11,0,0,0,0,9,0,5,0,0,0,0,301,18,12,90,0,13,0,0,4,0,0,198,10,30,33,4,648
19,92,41,4,143,74,0,27,0,4,7878,0,0,0,3,3,3,179,35,4,0,9,30,0,16,3,0,11,0,0,0,11,6,93,5,0,"213051368",425,23,0,119,9,568,25,48,131,34,0,"Werribee - South",9127,0,351,59,182,3,0,5,24,0,0,0,0,11,6,22,0,3,3,6,611,3,32,111,0,25,0,0,22,3,0,405,4,61,42,4,494
0,27,15,0,42,25,0,3,0,0,1474,0,0,0,0,0,0,34,5,0,0,3,3,0,3,0,0,3,0,0,0,0,3,7,3,0,"213051369",261,33,0,37,0,132,11,7,12,9,0,"Wyndham Vale",1957,0,46,15,38,8,0,5,0,0,5,0,0,5,0,0,0,0,0,0,161,0,11,27,0,3,0,0,17,0,0,69,5,8,10,3,86
3,8,5,0,12,12,0,6,0,0,668,0,0,0,0,0,3,18,0,0,0,0,3,0,3,0,0,0,0,0,5,0,3,7,0,0,"213051464",185,21,0,59,3,106,12,4,12,5,0,"Point Cook - East",1160,0,39,4,29,3,0,3,3,0,0,0,0,0,3,3,3,0,0,0,233,3,5,5,7,3,0,0,15,0,0,63,5,23,22,4,54
6,53,10,7,56,63,0,8,0,0,3902,4,0,0,3,0,0,107,18,7,0,3,13,0,6,0,3,0,0,0,3,9,4,60,0,0,"213051465",452,50,0,85,5,294,9,43,79,25,0,"Point Cook - North",4957,0,144,53,127,9,0,7,10,0,6,0,0,5,5,8,0,3,0,0,470,0,9,42,8,6,0,0,17,0,0,168,5,51,35,6,197
5,25,3,0,37,17,0,11,0,0,1695,3,0,0,0,0,0,44,11,0,0,4,9,0,6,0,0,5,0,0,0,3,0,8,0,0,"213051467",279,39,0,41,10,200,6,17,21,10,0,"Werribee - East",2205,0,70,13,55,5,0,3,8,0,0,0,0,0,0,8,0,0,0,3,159,0,3,25,0,4,0,0,12,0,0,90,4,24,10,3,141
0,14,5,0,17,12,0,6,0,0,732,0,0,0,0,0,0,18,0,0,0,0,0,0,0,0,0,0,0,0,0,0,0,6,3,0,"213051468",131,16,0,36,0,55,0,3,10,0,0,"Werribee - West",1041,0,28,12,18,0,0,0,0,0,0,0,0,3,0,0,0,0,0,0,126,0,3,13,0,4,0,0,3,0,0,39,3,3,3,0,33
17,122,21,13,139,165,0,36,0,0,8458,4,8,0,0,0,0,145,11,0,0,4,17,0,18,4,4,9,0,3,0,4,8,136,3,0,"214011370",567,44,0,144,8,512,88,66,153,11,0,"Carrum Downs",10307,0,452,147,160,7,0,5,15,0,0,0,0,20,14,10,3,3,4,12,1021,10,14,108,4,19,0,0,50,0,0,604,10,84,52,4,396
34,128,36,9,179,169,0,29,0,0,13399,3,10,0,0,0,0,138,39,0,0,7,58,3,37,3,0,15,0,0,0,7,8,63,3,4,"214011371",749,41,0,150,3,619,74,118,91,39,0,"Frankston",15131,0,1003,148,153,4,0,4,55,0,6,0,0,15,10,14,0,9,0,15,703,3,23,143,5,27,0,0,54,0,0,1158,13,134,49,6,511
3,43,0,0,51,29,0,9,0,0,3247,3,0,0,0,0,0,53,9,0,0,0,21,0,3,0,0,3,0,0,0,4,0,21,0,0,"214011372",307,32,0,56,7,165,17,19,32,9,0,"Frankston North",3871,0,226,29,58,0,0,0,17,0,0,0,0,0,0,8,0,0,4,0,224,0,0,43,3,4,0,0,19,7,0,259,4,21,9,0,110
0,6,3,0,7,16,0,3,0,0,706,0,0,0,0,0,5,6,0,0,0,0,7,0,0,0,0,0,0,0,0,0,0,0,0,0,"214011376",215,4,0,40,0,57,20,16,0,3,0,"Skye - Sandhurst",1161,0,28,5,9,3,0,0,4,0,0,0,0,4,8,0,3,3,0,3,189,0,0,4,5,0,0,0,23,0,0,72,0,35,8,0,34
10,20,4,0,37,20,0,9,0,0,1725,0,3,0,0,0,0,23,0,0,0,0,14,0,12,0,0,7,0,0,0,0,0,3,0,4,"214011373",399,4,0,67,0,70,38,12,3,3,0,"Frankston South",2531,0,142,22,27,0,0,0,9,0,0,0,0,4,0,0,0,3,0,8,319,0,0,26,0,7,0,0,40,3,0,233,0,18,7,0,54
8,57,7,0,50,21,0,3,0,0,2913,0,7,0,0,0,0,21,7,0,0,3,13,0,8,0,0,5,0,0,0,0,3,10,0,0,"214011374",500,13,0,84,0,100,36,23,12,10,0,"Langwarrin",3974,0,174,18,29,3,0,8,12,0,0,3,0,8,0,4,0,0,3,10,420,0,7,34,0,0,0,0,44,0,0,266,6,24,10,0,71
3,70,18,10,94,71,0,16,0,0,4554,8,5,0,0,0,0,23,3,0,0,13,15,0,3,3,4,7,0,0,0,3,8,16,3,0,"214011375",521,30,0,112,4,217,61,31,27,9,0,"Seaford (Vic.)",5945,0,281,58,29,0,0,3,7,0,0,0,0,8,3,3,0,0,3,5,687,8,16,67,4,9,0,0,35,0,0,383,16,33,30,0,142
7,34,3,0,70,5,0,3,0,0,2040,0,3,0,4,0,0,3,0,0,0,3,12,0,7,0,0,8,0,0,0,0,4,0,0,0,"214021377",329,4,0,77,0,75,31,9,0,4,0,"Dromana",2827,0,125,3,3,0,0,0,8,0,0,0,0,4,0,0,0,3,0,6,345,0,3,46,0,4,0,0,28,0,0,192,3,7,5,0,53
0,52,8,0,56,0,0,4,0,0,1935,0,0,0,0,0,0,6,4,0,0,7,9,0,3,0,0,6,0,0,0,0,0,3,0,0,"214021378",376,10,0,146,0,97,18,6,6,3,0,"Flinders",2812,0,109,0,11,0,0,0,5,0,0,0,0,5,0,0,0,0,3,11,306,0,7,39,3,4,0,0,23,0,0,165,0,9,12,0,77
4,70,20,0,121,26,0,9,0,0,6495,0,3,0,0,0,0,38,3,0,0,7,19,0,3,0,0,15,0,0,0,3,3,6,9,4,"214021379",550,15,0,110,0,120,37,23,13,4,0,"Hastings - Somers",7753,0,419,23,46,4,0,0,19,0,0,0,0,16,3,3,0,3,0,14,530,3,7,75,0,9,0,0,42,4,0,510,4,24,5,0,95
12,131,29,6,185,36,0,10,0,3,10076,6,11,0,3,0,0,68,6,0,0,5,51,0,16,0,0,17,0,0,0,0,7,18,4,0,"214021380",981,35,0,185,3,302,116,65,20,6,0,"Mornington",12463,0,856,28,77,0,0,4,40,0,0,0,0,12,9,3,0,7,3,17,1093,3,24,142,8,7,0,0,112,4,0,1115,10,82,26,0,221
4,37,6,0,48,16,0,15,0,0,2931,0,8,0,0,0,0,9,3,0,0,3,26,0,8,0,0,10,0,0,0,4,0,5,0,0,"214021381",548,22,0,95,0,120,91,19,7,4,0,"Mount Eliza",4284,0,270,9,16,4,0,0,9,4,0,0,0,6,4,0,0,6,0,14,678,0,3,34,3,11,0,0,70,3,0,448,3,34,20,0,74
5,24,3,0,53,7,3,10,0,0,1522,3,0,0,0,0,0,9,0,0,0,0,16,0,5,0,0,13,0,0,0,0,3,0,0,0,"214021382",527,6,0,102,0,62,42,9,0,0,0,"Mount Martha",2614,0,146,3,8,0,0,0,3,0,0,0,0,10,4,0,0,4,0,7,442,0,3,32,6,8,0,0,72,4,0,269,3,25,16,0,37
0,70,13,0,72,3,0,0,0,0,2703,0,0,0,3,0,0,7,3,0,0,4,17,0,0,0,0,14,0,0,0,0,3,0,3,0,"214021383",691,18,0,124,0,84,33,8,7,3,0,"Point Nepean",4132,0,134,0,9,0,0,0,14,0,0,0,0,3,3,0,0,3,3,6,535,0,8,53,3,0,0,0,70,0,0,247,0,16,11,0,53
6,84,11,0,129,20,0,3,0,0,4906,0,8,0,0,0,0,32,3,0,0,11,15,0,6,0,0,16,0,0,0,4,3,3,0,3,"214021384",611,17,0,109,0,128,24,18,13,3,0,"Rosebud - McCrae",6180,0,312,19,35,0,0,0,13,0,0,0,0,4,0,0,0,0,0,8,468,3,7,93,3,3,0,0,38,0,0,394,0,23,6,3,105
6,69,41,0,92,18,0,6,0,0,4923,0,6,0,0,0,0,86,3,0,0,6,23,0,8,0,0,8,3,0,0,0,5,26,3,0,"214021385",618,17,0,135,3,343,50,23,40,3,0,"Somerville",6410,0,287,18,93,0,0,0,14,0,6,0,0,7,3,8,0,0,0,15,666,5,34,65,4,5,0,0,63,3,0,418,3,32,7,0,310
